1001,t1
1002,t2
1003,t3
1004,t4
1005,t5
1006,t6
1007,t7
1008,t8
1009,t9
1010,t10
1011,t11
1012,t12
1013,t13
1014,t14
1015,t15
1016,t16
1017,t17
1018,t18
1019,t19
1020,t20
1021,t21
1022,t22
1023,t23
1024,t24
1025,t25
1026,t26
1027,t27
1028,t28
1029,t29
1030,t30
1031,t31
1032,t32
1033,t33
1034,t34
1035,t35
1036,t36
1037,t37
1038,t38
1039,t39
1040,t40
1041,t41
1042,t42
1043,t43
1044,t44
1045,t45
1046,t46
1047,t47
1048,t48
1049,t49
1050,t50
1051,t51
1052,t52
1053,t53
1054,t54
1055,t55
1056,t56
1057,t57
1058,t58
1059,t59
1060,t60
1061,t61
1062,t62
1063,t63
1064,t64
1065,t65
1066,t66
1067,t67
1068,t68
1069,t69
1070,t70
1071,t71
1072,t72
1073,t73
1074,t74
1075,t75
1076,t76
1077,t77
1078,t78
1079,t79
1080,t80
1081,t81
1082,t82
1083,t83
1084,t84
1085,t85
1086,t86
1087,t87
1088,t88
1089,t89
1090,t90
1091,t91
1092,t92
1093,t93
1094,t94
1095,t95
1096,t96
1097,t97
1098,t98
1099,t99
1100,t100
1101,t101
1102,t102
1103,t103
1104,t104
1105,t105
1106,t106
1107,t107
1108,t108
1109,t109
1110,t110
1111,t111
1112,t112
1113,t113
1114,t114
1115,t115
1116,t116
1117,t117
1118,t118
1119,t119
1120,t120
1121,t121
1122,t122
1123,t123
1124,t124
1125,t125
1126,t126
1127,t127
1128,t128
1129,t129
1130,t130
1131,t131
1132,t132
1133,t133
1134,t134
1135,t135
1136,t136
1137,t137
1138,t138
1139,t139
1140,t140
1141,t141
1142,t142
1143,t143
1144,t144
1145,t145
1146,t146
1147,t147
1148,t148
1149,t149
1150,t150
1151,t151
1152,t152
1153,t153
1154,t154
1155,t155
1156,t156
1157,t157
1158,t158
1159,t159
1160,t160
1161,t161
1162,t162
1163,t163
1164,t164
1165,t165
1166,t166
1167,t167
1168,t168
1169,t169
1170,t170
1171,t171
1172,t172
1173,t173
1174,t174
1175,t175
1176,t176
1177,t177
1178,t178
1179,t179
1180,t180
1181,t181
1182,t182
1183,t183
1184,t184
1185,t185
1186,t186
1187,t187
1188,t188
1189,t189
1190,t190
1191,t191
1192,t192
1193,t193
1194,t194
1195,t195
1196,t196
1197,t197
1198,t198
1199,t199
1200,t200
1201,t201
1202,t202
1203,t203
1204,t204
1205,t205
1206,t206
1207,t207
1208,t208
1209,t209
1210,t210
1211,t211
1212,t212
1213,t213
1214,t214
1215,t215
1216,t216
1217,t217
1218,t218
1219,t219
1220,t220
1221,t221
1222,t222
1223,t223
1224,t224
1225,t225
1226,t226
1227,t227
1228,t228
1229,t229
1230,t230
1231,t231
1232,t232
1233,t233
1234,t234
1235,t235
1236,t236
1237,t237
1238,t238
1239,t239
1240,t240
1241,t241
1242,t242
1243,t243
1244,t244
1245,t245
1246,t246
1247,t247
1248,t248
1249,t249
1250,t250
1251,t251
1252,t252
1253,t253
1254,t254
1255,t255
1256,t256
1257,t257
1258,t258
1259,t259
1260,t260
1261,t261
1262,t262
1263,t263
1264,t264
1265,t265
1266,t266
1267,t267
1268,t268
1269,t269
1270,t270
1271,t271
1272,t272
1273,t273
1274,t274
1275,t275
1276,t276
1277,t277
1278,t278
1279,t279
1280,t280
1281,t281
1282,t282
1283,t283
1284,t284
1285,t285
1286,t286
1287,t287
1288,t288
1289,t289
1290,t290
1291,t291
1292,t292
1293,t293
1294,t294
1295,t295
1296,t296
1297,t297
1298,t298
1299,t299
1300,t300
1301,t301
1302,t302
1303,t303
1304,t304
1305,t305
1306,t306
1307,t307
1308,t308
1309,t309
1310,t310
1311,t311
1312,t312
1313,t313
1314,t314
1315,t315
1316,t316
1317,t317
1318,t318
1319,t319
1320,t320
1321,t321
1322,t322
1323,t323
1324,t324
1325,t325
1326,t326
1327,t327
1328,t328
1329,t329
1330,t330
1331,t331
1332,t332
1333,t333
1334,t334
1335,t335
1336,t336
1337,t337
1338,t338
1339,t339
1340,t340
1341,t341
1342,t342
1343,t343
1344,t344
1345,t345
1346,t346
1347,t347
1348,t348
1349,t349
1350,t350
1351,t351
1352,t352
1353,t353
1354,t354
1355,t355
1356,t356
1357,t357
1358,t358
1359,t359
1360,t360
1361,t361
1362,t362
1363,t363
1364,t364
1365,t365
1366,t366
1367,t367
1368,t368
1369,t369
1370,t370
1371,t371
1372,t372
1373,t373
1374,t374
1375,t375
1376,t376
1377,t377
1378,t378
1379,t379
1380,t380
1381,t381
1382,t382
1383,t383
1384,t384
1385,t385
1386,t386
1387,t387
1388,t388
1389,t389
1390,t390
1391,t391
1392,t392
1393,t393
1394,t394
1395,t395
1396,t396
1397,t397
1398,t398
1399,t399
1400,t400
1401,t401
1402,t402
1403,t403
1404,t404
1405,t405
1406,t406
1407,t407
1408,t408
1409,t409
1410,t410
1411,t411
1412,t412
1413,t413
1414,t414
1415,t415
1416,t416
1417,t417
1418,t418
1419,t419
1420,t420
1421,t421
1422,t422
1423,t423
1424,t424
1425,t425
1426,t426
1427,t427
1428,t428
1429,t429
1430,t430
1431,t431
1432,t432
1433,t433
1434,t434
1435,t435
1436,t436
1437,t437
1438,t438
1439,t439
1440,t440
1441,t441
1442,t442
1443,t443
1444,t444
1445,t445
1446,t446
1447,t447
1448,t448
1449,t449
1450,t450
1451,t451
1452,t452
1453,t453
1454,t454
1455,t455
1456,t456
1457,t457
1458,t458
1459,t459
1460,t460
1461,t461
1462,t462
1463,t463
1464,t464
1465,t465
1466,t466
1467,t467
1468,t468
1469,t469
1470,t470
1471,t471
1472,t472
1473,t473
1474,t474
1475,t475
1476,t476
1477,t477
1478,t478
1479,t479
1480,t480
1481,t481
1482,t482
1483,t483
1484,t484
1485,t485
1486,t486
1487,t487
1488,t488
1489,t489
1490,t490
1491,t491
1492,t492
1493,t493
1494,t494
1495,t495
1496,t496
1497,t497
1498,t498
1499,t499
1500,t500
1501,t501
1502,t502
1503,t503
1504,t504
1505,t505
1506,t506
1507,t507
1508,t508
1509,t509
1510,t510
1511,t511
1512,t512
1513,t513
1514,t514
1515,t515
1516,t516
1517,t517
1518,t518
1519,t519
1520,t520
1521,t521
1522,t522
1523,t523
1524,t524
1525,t525
1526,t526
1527,t527
1528,t528
1529,t529
1530,t530
1531,t531
1532,t532
1533,t533
1534,t534
1535,t535
1536,t536
1537,t537
1538,t538
1539,t539
1540,t540
1541,t541
1542,t542
1543,t543
1544,t544
1545,t545
1546,t546
1547,t547
1548,t548
1549,t549
1550,t550
1551,t551
1552,t552
1553,t553
1554,t554
1555,t555
1556,t556
1557,t557
1558,t558
1559,t559
1560,t560
1561,t561
1562,t562
1563,t563
1564,t564
1565,t565
1566,t566
1567,t567
1568,t568
1569,t569
1570,t570
1571,t571
1572,t572
1573,t573
1574,t574
1575,t575
1576,t576
1577,t577
1578,t578
1579,t579
1580,t580
1581,t581
1582,t582
1583,t583
1584,t584
1585,t585
1586,t586
1587,t587
1588,t588
1589,t589
1590,t590
1591,t591
1592,t592
1593,t593
1594,t594
1595,t595
1596,t596
1597,t597
1598,t598
1599,t599
1600,t600
1601,t601
1602,t602
1603,t603
1604,t604
1605,t605
1606,t606
1607,t607
1608,t608
1609,t609
1610,t610
1611,t611
1612,t612
1613,t613
1614,t614
1615,t615
1616,t616
1617,t617
1618,t618
1619,t619
1620,t620
1621,t621
1622,t622
1623,t623
1624,t624
1625,t625
1626,t626
1627,t627
1628,t628
1629,t629
1630,t630
1631,t631
1632,t632
1633,t633
1634,t634
1635,t635
1636,t636
1637,t637
1638,t638
1639,t639
1640,t640
1641,t641
1642,t642
1643,t643
1644,t644
1645,t645
1646,t646
1647,t647
1648,t648
1649,t649
1650,t650
1651,t651
1652,t652
1653,t653
1654,t654
1655,t655
1656,t656
1657,t657
1658,t658
1659,t659
1660,t660
1661,t661
1662,t662
1663,t663
1664,t664
1665,t665
1666,t666
1667,t667
1668,t668
1669,t669
1670,t670
1671,t671
1672,t672
1673,t673
1674,t674
1675,t675
1676,t676
1677,t677
1678,t678
1679,t679
1680,t680
1681,t681
1682,t682
1683,t683
1684,t684
1685,t685
1686,t686
1687,t687
1688,t688
1689,t689
1690,t690
1691,t691
1692,t692
1693,t693
1694,t694
1695,t695
1696,t696
1697,t697
1698,t698
1699,t699
1700,t700
1701,t701
1702,t702
1703,t703
1704,t704
1705,t705
1706,t706
1707,t707
1708,t708
1709,t709
1710,t710
1711,t711
1712,t712
1713,t713
1714,t714
1715,t715
1716,t716
1717,t717
1718,t718
1719,t719
1720,t720
1721,t721
1722,t722
1723,t723
1724,t724
1725,t725
1726,t726
1727,t727
1728,t728
1729,t729
1730,t730
1731,t731
1732,t732
1733,t733
1734,t734
1735,t735
1736,t736
1737,t737
1738,t738
1739,t739
1740,t740
1741,t741
1742,t742
1743,t743
1744,t744
1745,t745
1746,t746
1747,t747
1748,t748
1749,t749
1750,t750
1751,t751
1752,t752
1753,t753
1754,t754
1755,t755
1756,t756
1757,t757
1758,t758
1759,t759
1760,t760
1761,t761
1762,t762
1763,t763
1764,t764
1765,t765
1766,t766
1767,t767
1768,t768
1769,t769
1770,t770
1771,t771
1772,t772
1773,t773
1774,t774
1775,t775
1776,t776
1777,t777
1778,t778
1779,t779
1780,t780
1781,t781
1782,t782
1783,t783
1784,t784
1785,t785
1786,t786
1787,t787
1788,t788
1789,t789
1790,t790
1791,t791
1792,t792
1793,t793
1794,t794
1795,t795
1796,t796
1797,t797
1798,t798
1799,t799
1800,t800
1801,t801
1802,t802
1803,t803
1804,t804
1805,t805
1806,t806
1807,t807
1808,t808
1809,t809
1810,t810
1811,t811
1812,t812
1813,t813
1814,t814
1815,t815
1816,t816
1817,t817
1818,t818
1819,t819
1820,t820
1821,t821
1822,t822
1823,t823
1824,t824
1825,t825
1826,t826
1827,t827
1828,t828
1829,t829
1830,t830
1831,t831
1832,t832
1833,t833
1834,t834
1835,t835
1836,t836
1837,t837
1838,t838
1839,t839
1840,t840
1841,t841
1842,t842
1843,t843
1844,t844
1845,t845
1846,t846
1847,t847
1848,t848
1849,t849
1850,t850
1851,t851
1852,t852
1853,t853
1854,t854
1855,t855
1856,t856
1857,t857
1858,t858
1859,t859
1860,t860
1861,t861
1862,t862
1863,t863
1864,t864
1865,t865
1866,t866
1867,t867
1868,t868
1869,t869
1870,t870
1871,t871
1872,t872
1873,t873
1874,t874
1875,t875
1876,t876
1877,t877
1878,t878
1879,t879
1880,t880
1881,t881
1882,t882
1883,t883
1884,t884
1885,t885
1886,t886
1887,t887
1888,t888
1889,t889
1890,t890
1891,t891
1892,t892
1893,t893
1894,t894
1895,t895
1896,t896
1897,t897
1898,t898
1899,t899
1900,t900
1901,t901
1902,t902
1903,t903
1904,t904
1905,t905
1906,t906
1907,t907
1908,t908
1909,t909
1910,t910
1911,t911
1912,t912
1913,t913
1914,t914
1915,t915
1916,t916
1917,t917
1918,t918
1919,t919
1920,t920
1921,t921
1922,t922
1923,t923
1924,t924
1925,t925
1926,t926
1927,t927
1928,t928
1929,t929
1930,t930
1931,t931
1932,t932
1933,t933
1934,t934
1935,t935
1936,t936
1937,t937
1938,t938
1939,t939
1940,t940
1941,t941
1942,t942
1943,t943
1944,t944
1945,t945
1946,t946
1947,t947
1948,t948
1949,t949
1950,t950
1951,t951
1952,t952
1953,t953
1954,t954
1955,t955
1956,t956
1957,t957
1958,t958
1959,t959
1960,t960
1961,t961
1962,t962
1963,t963
1964,t964
1965,t965
1966,t966
1967,t967
1968,t968
1969,t969
1970,t970
1971,t971
1972,t972
1973,t973
1974,t974
1975,t975
1976,t976
1977,t977
1978,t978
1979,t979
1980,t980
1981,t981
1982,t982
1983,t983
1984,t984
1985,t985
1986,t986
1987,t987
1988,t988
1989,t989
1990,t990
1991,t991
1992,t992
1993,t993
1994,t994
1995,t995
1996,t996
1997,t997
1998,t998
1999,t999
2000,t1000
2001,t1001
2002,t1002
2003,t1003
2004,t1004
2005,t1005
2006,t1006
2007,t1007
2008,t1008
2009,t1009
2010,t1010
2011,t1011
2012,t1012
2013,t1013
2014,t1014
2015,t1015
2016,t1016
2017,t1017
2018,t1018
2019,t1019
2020,t1020
2021,t1021
2022,t1022
2023,t1023
2024,t1024
2025,t1025
2026,t1026
2027,t1027
2028,t1028
2029,t1029
2030,t1030
2031,t1031
2032,t1032
2033,t1033
2034,t1034
2035,t1035
2036,t1036
2037,t1037
2038,t1038
2039,t1039
2040,t1040
2041,t1041
2042,t1042
2043,t1043
2044,t1044
2045,t1045
2046,t1046
2047,t1047
2048,t1048
2049,t1049
2050,t1050
2051,t1051
2052,t1052
2053,t1053
2054,t1054
2055,t1055
2056,t1056
2057,t1057
2058,t1058
2059,t1059
2060,t1060
2061,t1061
2062,t1062
2063,t1063
2064,t1064
2065,t1065
2066,t1066
2067,t1067
2068,t1068
2069,t1069
2070,t1070
2071,t1071
2072,t1072
2073,t1073
2074,t1074
2075,t1075
2076,t1076
2077,t1077
2078,t1078
2079,t1079
2080,t1080
2081,t1081
2082,t1082
2083,t1083
2084,t1084
2085,t1085
2086,t1086
2087,t1087
2088,t1088
2089,t1089
2090,t1090
2091,t1091
2092,t1092
2093,t1093
2094,t1094
2095,t1095
2096,t1096
2097,t1097
2098,t1098
2099,t1099
2100,t1100
2101,t1101
2102,t1102
2103,t1103
2104,t1104
2105,t1105
2106,t1106
2107,t1107
2108,t1108
2109,t1109
2110,t1110
2111,t1111
2112,t1112
2113,t1113
2114,t1114
2115,t1115
2116,t1116
2117,t1117
2118,t1118
2119,t1119
2120,t1120
2121,t1121
2122,t1122
2123,t1123
2124,t1124
2125,t1125
2126,t1126
2127,t1127
2128,t1128
2129,t1129
2130,t1130
2131,t1131
2132,t1132
2133,t1133
2134,t1134
2135,t1135
2136,t1136
2137,t1137
2138,t1138
2139,t1139
2140,t1140
2141,t1141
2142,t1142
2143,t1143
2144,t1144
2145,t1145
2146,t1146
2147,t1147
2148,t1148
2149,t1149
2150,t1150
2151,t1151
2152,t1152
2153,t1153
2154,t1154
2155,t1155
2156,t1156
2157,t1157
2158,t1158
2159,t1159
2160,t1160
2161,t1161
2162,t1162
2163,t1163
2164,t1164
2165,t1165
2166,t1166
2167,t1167
2168,t1168
2169,t1169
2170,t1170
2171,t1171
2172,t1172
2173,t1173
2174,t1174
2175,t1175
2176,t1176
2177,t1177
2178,t1178
2179,t1179
2180,t1180
2181,t1181
2182,t1182
2183,t1183
2184,t1184
2185,t1185
2186,t1186
2187,t1187
2188,t1188
2189,t1189
2190,t1190
2191,t1191
2192,t1192
2193,t1193
2194,t1194
2195,t1195
2196,t1196
2197,t1197
2198,t1198
2199,t1199
2200,t1200
2201,t1201
2202,t1202
2203,t1203
2204,t1204
2205,t1205
2206,t1206
2207,t1207
2208,t1208
2209,t1209
2210,t1210
2211,t1211
2212,t1212
2213,t1213
2214,t1214
2215,t1215
2216,t1216
2217,t1217
2218,t1218
2219,t1219
2220,t1220
2221,t1221
2222,t1222
2223,t1223
2224,t1224
2225,t1225
2226,t1226
2227,t1227
2228,t1228
2229,t1229
2230,t1230
2231,t1231
2232,t1232
2233,t1233
2234,t1234
2235,t1235
2236,t1236
2237,t1237
2238,t1238
2239,t1239
2240,t1240
2241,t1241
2242,t1242
2243,t1243
2244,t1244
2245,t1245
2246,t1246
2247,t1247
2248,t1248
2249,t1249
2250,t1250
2251,t1251
2252,t1252
2253,t1253
2254,t1254
2255,t1255
2256,t1256
2257,t1257
2258,t1258
2259,t1259
2260,t1260
2261,t1261
2262,t1262
2263,t1263
2264,t1264
2265,t1265
2266,t1266
2267,t1267
2268,t1268
2269,t1269
2270,t1270
2271,t1271
2272,t1272
2273,t1273
2274,t1274
2275,t1275
2276,t1276
2277,t1277
2278,t1278
2279,t1279
2280,t1280
2281,t1281
2282,t1282
2283,t1283
2284,t1284
2285,t1285
2286,t1286
2287,t1287
2288,t1288
2289,t1289
2290,t1290
2291,t1291
2292,t1292
2293,t1293
2294,t1294
2295,t1295
2296,t1296
2297,t1297
2298,t1298
2299,t1299
2300,t1300
2301,t1301
2302,t1302
2303,t1303
2304,t1304
2305,t1305
2306,t1306
2307,t1307
2308,t1308
2309,t1309
2310,t1310
2311,t1311
2312,t1312
2313,t1313
2314,t1314
2315,t1315
2316,t1316
2317,t1317
2318,t1318
2319,t1319
2320,t1320
2321,t1321
2322,t1322
2323,t1323
2324,t1324
2325,t1325
2326,t1326
2327,t1327
2328,t1328
2329,t1329
2330,t1330
2331,t1331
2332,t1332
2333,t1333
2334,t1334
2335,t1335
2336,t1336
2337,t1337
2338,t1338
2339,t1339
2340,t1340
2341,t1341
2342,t1342
2343,t1343
2344,t1344
2345,t1345
2346,t1346
2347,t1347
2348,t1348
2349,t1349
2350,t1350
2351,t1351
2352,t1352
2353,t1353
2354,t1354
2355,t1355
2356,t1356
2357,t1357
2358,t1358
2359,t1359
2360,t1360
2361,t1361
2362,t1362
2363,t1363
2364,t1364
2365,t1365
2366,t1366
2367,t1367
2368,t1368
2369,t1369
2370,t1370
2371,t1371
2372,t1372
2373,t1373
2374,t1374
2375,t1375
2376,t1376
2377,t1377
2378,t1378
2379,t1379
2380,t1380
2381,t1381
2382,t1382
2383,t1383
2384,t1384
2385,t1385
2386,t1386
2387,t1387
2388,t1388
2389,t1389
2390,t1390
2391,t1391
2392,t1392
2393,t1393
2394,t1394
2395,t1395
2396,t1396
2397,t1397
2398,t1398
2399,t1399
2400,t1400
2401,t1401
2402,t1402
2403,t1403
2404,t1404
2405,t1405
2406,t1406
2407,t1407
2408,t1408
2409,t1409
2410,t1410
2411,t1411
2412,t1412
2413,t1413
2414,t1414
2415,t1415
2416,t1416
2417,t1417
2418,t1418
2419,t1419
2420,t1420
2421,t1421
2422,t1422
2423,t1423
2424,t1424
2425,t1425
2426,t1426
2427,t1427
2428,t1428
2429,t1429
2430,t1430
2431,t1431
2432,t1432
2433,t1433
2434,t1434
2435,t1435
2436,t1436
2437,t1437
2438,t1438
2439,t1439
2440,t1440
2441,t1441
2442,t1442
2443,t1443
2444,t1444
2445,t1445
2446,t1446
2447,t1447
2448,t1448
2449,t1449
2450,t1450
2451,t1451
2452,t1452
2453,t1453
2454,t1454
2455,t1455
2456,t1456
2457,t1457
2458,t1458
2459,t1459
2460,t1460
2461,t1461
2462,t1462
2463,t1463
2464,t1464
2465,t1465
2466,t1466
2467,t1467
2468,t1468
2469,t1469
2470,t1470
2471,t1471
2472,t1472
2473,t1473
2474,t1474
2475,t1475
2476,t1476
2477,t1477
2478,t1478
2479,t1479
2480,t1480
2481,t1481
2482,t1482
2483,t1483
2484,t1484
2485,t1485
2486,t1486
2487,t1487
2488,t1488
2489,t1489
2490,t1490
2491,t1491
2492,t1492
2493,t1493
2494,t1494
2495,t1495
2496,t1496
2497,t1497
2498,t1498
2499,t1499
2500,t1500
2501,t1501
2502,t1502
2503,t1503
2504,t1504
2505,t1505
2506,t1506
2507,t1507
2508,t1508
2509,t1509
2510,t1510
2511,t1511
2512,t1512
2513,t1513
2514,t1514
2515,t1515
2516,t1516
2517,t1517
2518,t1518
2519,t1519
2520,t1520
2521,t1521
2522,t1522
2523,t1523
2524,t1524
2525,t1525
2526,t1526
2527,t1527
2528,t1528
2529,t1529
2530,t1530
2531,t1531
2532,t1532
2533,t1533
2534,t1534
2535,t1535
2536,t1536
2537,t1537
2538,t1538
2539,t1539
2540,t1540
2541,t1541
2542,t1542
2543,t1543
2544,t1544
2545,t1545
2546,t1546
2547,t1547
2548,t1548
2549,t1549
2550,t1550
2551,t1551
2552,t1552
2553,t1553
2554,t1554
2555,t1555
2556,t1556
2557,t1557
2558,t1558
2559,t1559
2560,t1560
2561,t1561
2562,t1562
2563,t1563
2564,t1564
2565,t1565
2566,t1566
2567,t1567
2568,t1568
2569,t1569
2570,t1570
2571,t1571
2572,t1572
2573,t1573
2574,t1574
2575,t1575
2576,t1576
2577,t1577
2578,t1578
2579,t1579
2580,t1580
2581,t1581
2582,t1582
2583,t1583
2584,t1584
2585,t1585
2586,t1586
2587,t1587
2588,t1588
2589,t1589
2590,t1590
2591,t1591
2592,t1592
2593,t1593
2594,t1594
2595,t1595
2596,t1596
2597,t1597
2598,t1598
2599,t1599
2600,t1600
2601,t1601
2602,t1602
2603,t1603
2604,t1604
2605,t1605
2606,t1606
2607,t1607
2608,t1608
2609,t1609
2610,t1610
2611,t1611
2612,t1612
2613,t1613
2614,t1614
2615,t1615
2616,t1616
2617,t1617
2618,t1618
2619,t1619
2620,t1620
2621,t1621
2622,t1622
2623,t1623
2624,t1624
2625,t1625
2626,t1626
2627,t1627
2628,t1628
2629,t1629
2630,t1630
2631,t1631
2632,t1632
2633,t1633
2634,t1634
2635,t1635
2636,t1636
2637,t1637
2638,t1638
2639,t1639
2640,t1640
2641,t1641
2642,t1642
2643,t1643
2644,t1644
2645,t1645
2646,t1646
2647,t1647
2648,t1648
2649,t1649
2650,t1650
2651,t1651
2652,t1652
2653,t1653
2654,t1654
2655,t1655
2656,t1656
2657,t1657
2658,t1658
2659,t1659
2660,t1660
2661,t1661
2662,t1662
2663,t1663
2664,t1664
2665,t1665
2666,t1666
2667,t1667
2668,t1668
2669,t1669
2670,t1670
2671,t1671
2672,t1672
2673,t1673
2674,t1674
2675,t1675
2676,t1676
2677,t1677
2678,t1678
2679,t1679
2680,t1680
2681,t1681
2682,t1682
2683,t1683
2684,t1684
2685,t1685
2686,t1686
2687,t1687
2688,t1688
2689,t1689
2690,t1690
2691,t1691
2692,t1692
2693,t1693
2694,t1694
2695,t1695
2696,t1696
2697,t1697
2698,t1698
2699,t1699
2700,t1700
2701,t1701
2702,t1702
2703,t1703
2704,t1704
2705,t1705
2706,t1706
2707,t1707
2708,t1708
2709,t1709
2710,t1710
2711,t1711
2712,t1712
2713,t1713
2714,t1714
2715,t1715
2716,t1716
2717,t1717
2718,t1718
2719,t1719
2720,t1720
2721,t1721
2722,t1722
2723,t1723
2724,t1724
2725,t1725
2726,t1726
2727,t1727
2728,t1728
2729,t1729
2730,t1730
2731,t1731
2732,t1732
2733,t1733
2734,t1734
2735,t1735
2736,t1736
2737,t1737
2738,t1738
2739,t1739
2740,t1740
2741,t1741
2742,t1742
2743,t1743
2744,t1744
2745,t1745
2746,t1746
2747,t1747
2748,t1748
2749,t1749
2750,t1750
2751,t1751
2752,t1752
2753,t1753
2754,t1754
2755,t1755
2756,t1756
2757,t1757
2758,t1758
2759,t1759
2760,t1760
2761,t1761
2762,t1762
2763,t1763
2764,t1764
2765,t1765
2766,t1766
2767,t1767
2768,t1768
2769,t1769
2770,t1770
2771,t1771
2772,t1772
2773,t1773
2774,t1774
2775,t1775
2776,t1776
2777,t1777
2778,t1778
2779,t1779
2780,t1780
2781,t1781
2782,t1782
2783,t1783
2784,t1784
2785,t1785
2786,t1786
2787,t1787
2788,t1788
2789,t1789
2790,t1790
2791,t1791
2792,t1792
2793,t1793
2794,t1794
2795,t1795
2796,t1796
2797,t1797
2798,t1798
2799,t1799
2800,t1800
2801,t1801
2802,t1802
2803,t1803
2804,t1804
2805,t1805
2806,t1806
2807,t1807
2808,t1808
2809,t1809
2810,t1810
2811,t1811
2812,t1812
2813,t1813
2814,t1814
2815,t1815
2816,t1816
2817,t1817
2818,t1818
2819,t1819
2820,t1820
2821,t1821
2822,t1822
2823,t1823
2824,t1824
2825,t1825
2826,t1826
2827,t1827
2828,t1828
2829,t1829
2830,t1830
2831,t1831
2832,t1832
2833,t1833
2834,t1834
2835,t1835
2836,t1836
2837,t1837
2838,t1838
2839,t1839
2840,t1840
2841,t1841
2842,t1842
2843,t1843
2844,t1844
2845,t1845
2846,t1846
2847,t1847
2848,t1848
2849,t1849
2850,t1850
2851,t1851
2852,t1852
2853,t1853
2854,t1854
2855,t1855
2856,t1856
2857,t1857
2858,t1858
2859,t1859
2860,t1860
2861,t1861
2862,t1862
2863,t1863
2864,t1864
2865,t1865
2866,t1866
2867,t1867
2868,t1868
2869,t1869
2870,t1870
2871,t1871
2872,t1872
2873,t1873
2874,t1874
2875,t1875
2876,t1876
2877,t1877
2878,t1878
2879,t1879
2880,t1880
2881,t1881
2882,t1882
2883,t1883
2884,t1884
2885,t1885
2886,t1886
2887,t1887
2888,t1888
2889,t1889
2890,t1890
2891,t1891
2892,t1892
2893,t1893
2894,t1894
2895,t1895
2896,t1896
2897,t1897
2898,t1898
2899,t1899
2900,t1900
2901,t1901
2902,t1902
2903,t1903
2904,t1904
2905,t1905
2906,t1906
2907,t1907
2908,t1908
2909,t1909
2910,t1910
2911,t1911
2912,t1912
2913,t1913
2914,t1914
2915,t1915
2916,t1916
2917,t1917
2918,t1918
2919,t1919
2920,t1920
2921,t1921
2922,t1922
2923,t1923
2924,t1924
2925,t1925
2926,t1926
2927,t1927
2928,t1928
2929,t1929
2930,t1930
2931,t1931
2932,t1932
2933,t1933
2934,t1934
2935,t1935
2936,t1936
2937,t1937
2938,t1938
2939,t1939
2940,t1940
2941,t1941
2942,t1942
2943,t1943
2944,t1944
2945,t1945
2946,t1946
2947,t1947
2948,t1948
2949,t1949
2950,t1950
2951,t1951
2952,t1952
2953,t1953
2954,t1954
2955,t1955
2956,t1956
2957,t1957
2958,t1958
2959,t1959
2960,t1960
2961,t1961
2962,t1962
2963,t1963
2964,t1964
2965,t1965
2966,t1966
2967,t1967
2968,t1968
2969,t1969
2970,t1970
2971,t1971
2972,t1972
2973,t1973
2974,t1974
2975,t1975
2976,t1976
2977,t1977
2978,t1978
2979,t1979
2980,t1980
2981,t1981
2982,t1982
2983,t1983
2984,t1984
2985,t1985
2986,t1986
2987,t1987
2988,t1988
2989,t1989
2990,t1990
2991,t1991
2992,t1992
2993,t1993
2994,t1994
2995,t1995
2996,t1996
2997,t1997
2998,t1998
2999,t1999
3000,t2000
3001,t2001
3002,t2002
3003,t2003
3004,t2004
3005,t2005
3006,t2006
3007,t2007
3008,t2008
3009,t2009
3010,t2010
3011,t2011
3012,t2012
3013,t2013
3014,t2014
3015,t2015
3016,t2016
3017,t2017
3018,t2018
3019,t2019
3020,t2020
3021,t2021
3022,t2022
3023,t2023
3024,t2024
3025,t2025
3026,t2026
3027,t2027
3028,t2028
3029,t2029
3030,t2030
3031,t2031
3032,t2032
3033,t2033
3034,t2034
3035,t2035
3036,t2036
3037,t2037
3038,t2038
3039,t2039
3040,t2040
3041,t2041
3042,t2042
3043,t2043
3044,t2044
3045,t2045
3046,t2046
3047,t2047
3048,t2048
3049,t2049
3050,t2050
3051,t2051
3052,t2052
3053,t2053
3054,t2054
3055,t2055
3056,t2056
3057,t2057
3058,t2058
3059,t2059
3060,t2060
3061,t2061
3062,t2062
3063,t2063
3064,t2064
3065,t2065
3066,t2066
3067,t2067
3068,t2068
3069,t2069
3070,t2070
3071,t2071
3072,t2072
3073,t2073
3074,t2074
3075,t2075
3076,t2076
3077,t2077
3078,t2078
3079,t2079
3080,t2080
3081,t2081
3082,t2082
3083,t2083
3084,t2084
3085,t2085
3086,t2086
3087,t2087
3088,t2088
3089,t2089
3090,t2090
3091,t2091
3092,t2092
3093,t2093
3094,t2094
3095,t2095
3096,t2096
3097,t2097
3098,t2098
3099,t2099
3100,t2100
3101,t2101
3102,t2102
3103,t2103
3104,t2104
3105,t2105
3106,t2106
3107,t2107
3108,t2108
3109,t2109
3110,t2110
3111,t2111
3112,t2112
3113,t2113
3114,t2114
3115,t2115
3116,t2116
3117,t2117
3118,t2118
3119,t2119
3120,t2120
3121,t2121
3122,t2122
3123,t2123
3124,t2124
3125,t2125
3126,t2126
3127,t2127
3128,t2128
3129,t2129
3130,t2130
3131,t2131
3132,t2132
3133,t2133
3134,t2134
3135,t2135
3136,t2136
3137,t2137
3138,t2138
3139,t2139
3140,t2140
3141,t2141
3142,t2142
3143,t2143
3144,t2144
3145,t2145
3146,t2146
3147,t2147
3148,t2148
3149,t2149
3150,t2150
3151,t2151
3152,t2152
3153,t2153
3154,t2154
3155,t2155
3156,t2156
3157,t2157
3158,t2158
3159,t2159
3160,t2160
3161,t2161
3162,t2162
3163,t2163
3164,t2164
3165,t2165
3166,t2166
3167,t2167
3168,t2168
3169,t2169
3170,t2170
3171,t2171
3172,t2172
3173,t2173
3174,t2174
3175,t2175
3176,t2176
3177,t2177
3178,t2178
3179,t2179
3180,t2180
3181,t2181
3182,t2182
3183,t2183
3184,t2184
3185,t2185
3186,t2186
3187,t2187
3188,t2188
3189,t2189
3190,t2190
3191,t2191
3192,t2192
3193,t2193
3194,t2194
3195,t2195
3196,t2196
3197,t2197
3198,t2198
3199,t2199
3200,t2200
3201,t2201
3202,t2202
3203,t2203
3204,t2204
3205,t2205
3206,t2206
3207,t2207
3208,t2208
3209,t2209
3210,t2210
3211,t2211
3212,t2212
3213,t2213
3214,t2214
3215,t2215
3216,t2216
3217,t2217
3218,t2218
3219,t2219
3220,t2220
3221,t2221
3222,t2222
3223,t2223
3224,t2224
3225,t2225
3226,t2226
3227,t2227
3228,t2228
3229,t2229
3230,t2230
3231,t2231
3232,t2232
3233,t2233
3234,t2234
3235,t2235
3236,t2236
3237,t2237
3238,t2238
3239,t2239
3240,t2240
3241,t2241
3242,t2242
3243,t2243
3244,t2244
3245,t2245
3246,t2246
3247,t2247
3248,t2248
3249,t2249
3250,t2250
3251,t2251
3252,t2252
3253,t2253
3254,t2254
3255,t2255
3256,t2256
3257,t2257
3258,t2258
3259,t2259
3260,t2260
3261,t2261
3262,t2262
3263,t2263
3264,t2264
3265,t2265
3266,t2266
3267,t2267
3268,t2268
3269,t2269
3270,t2270
3271,t2271
3272,t2272
3273,t2273
3274,t2274
3275,t2275
3276,t2276
3277,t2277
3278,t2278
3279,t2279
3280,t2280
3281,t2281
3282,t2282
3283,t2283
3284,t2284
3285,t2285
3286,t2286
3287,t2287
3288,t2288
3289,t2289
3290,t2290
3291,t2291
3292,t2292
3293,t2293
3294,t2294
3295,t2295
3296,t2296
3297,t2297
3298,t2298
3299,t2299
3300,t2300
3301,t2301
3302,t2302
3303,t2303
3304,t2304
3305,t2305
3306,t2306
3307,t2307
3308,t2308
3309,t2309
3310,t2310
3311,t2311
3312,t2312
3313,t2313
3314,t2314
3315,t2315
3316,t2316
3317,t2317
3318,t2318
3319,t2319
3320,t2320
3321,t2321
3322,t2322
3323,t2323
3324,t2324
3325,t2325
3326,t2326
3327,t2327
3328,t2328
3329,t2329
3330,t2330
3331,t2331
3332,t2332
3333,t2333
3334,t2334
3335,t2335
3336,t2336
3337,t2337
3338,t2338
3339,t2339
3340,t2340
3341,t2341
3342,t2342
3343,t2343
3344,t2344
3345,t2345
3346,t2346
3347,t2347
3348,t2348
3349,t2349
3350,t2350
3351,t2351
3352,t2352
3353,t2353
3354,t2354
3355,t2355
3356,t2356
3357,t2357
3358,t2358
3359,t2359
3360,t2360
3361,t2361
3362,t2362
3363,t2363
3364,t2364
3365,t2365
3366,t2366
3367,t2367
3368,t2368
3369,t2369
3370,t2370
3371,t2371
3372,t2372
3373,t2373
3374,t2374
3375,t2375
3376,t2376
3377,t2377
3378,t2378
3379,t2379
3380,t2380
3381,t2381
3382,t2382
3383,t2383
3384,t2384
3385,t2385
3386,t2386
3387,t2387
3388,t2388
3389,t2389
3390,t2390
3391,t2391
3392,t2392
3393,t2393
3394,t2394
3395,t2395
3396,t2396
3397,t2397
3398,t2398
3399,t2399
3400,t2400
3401,t2401
3402,t2402
3403,t2403
3404,t2404
3405,t2405
3406,t2406
3407,t2407
3408,t2408
3409,t2409
3410,t2410
3411,t2411
3412,t2412
3413,t2413
3414,t2414
3415,t2415
3416,t2416
3417,t2417
3418,t2418
3419,t2419
3420,t2420
3421,t2421
3422,t2422
3423,t2423
3424,t2424
3425,t2425
3426,t2426
3427,t2427
3428,t2428
3429,t2429
3430,t2430
3431,t2431
3432,t2432
3433,t2433
3434,t2434
3435,t2435
3436,t2436
3437,t2437
3438,t2438
3439,t2439
3440,t2440
3441,t2441
3442,t2442
3443,t2443
3444,t2444
3445,t2445
3446,t2446
3447,t2447
3448,t2448
3449,t2449
3450,t2450
3451,t2451
3452,t2452
3453,t2453
3454,t2454
3455,t2455
3456,t2456
3457,t2457
3458,t2458
3459,t2459
3460,t2460
3461,t2461
3462,t2462
3463,t2463
3464,t2464
3465,t2465
3466,t2466
3467,t2467
3468,t2468
3469,t2469
3470,t2470
3471,t2471
3472,t2472
3473,t2473
3474,t2474
3475,t2475
3476,t2476
3477,t2477
3478,t2478
3479,t2479
3480,t2480
3481,t2481
3482,t2482
3483,t2483
3484,t2484
3485,t2485
3486,t2486
3487,t2487
3488,t2488
3489,t2489
3490,t2490
3491,t2491
3492,t2492
3493,t2493
3494,t2494
3495,t2495
3496,t2496
3497,t2497
3498,t2498
3499,t2499
3500,t2500
3501,t2501
3502,t2502
3503,t2503
3504,t2504
3505,t2505
3506,t2506
3507,t2507
3508,t2508
3509,t2509
3510,t2510
3511,t2511
3512,t2512
3513,t2513
3514,t2514
3515,t2515
3516,t2516
3517,t2517
3518,t2518
3519,t2519
3520,t2520
3521,t2521
3522,t2522
3523,t2523
3524,t2524
3525,t2525
3526,t2526
3527,t2527
3528,t2528
3529,t2529
3530,t2530
3531,t2531
3532,t2532
3533,t2533
3534,t2534
3535,t2535
3536,t2536
3537,t2537
3538,t2538
3539,t2539
3540,t2540
3541,t2541
3542,t2542
3543,t2543
3544,t2544
3545,t2545
3546,t2546
3547,t2547
3548,t2548
3549,t2549
3550,t2550
3551,t2551
3552,t2552
3553,t2553
3554,t2554
3555,t2555
3556,t2556
3557,t2557
3558,t2558
3559,t2559
3560,t2560
3561,t2561
3562,t2562
3563,t2563
3564,t2564
3565,t2565
3566,t2566
3567,t2567
3568,t2568
3569,t2569
3570,t2570
3571,t2571
3572,t2572
3573,t2573
3574,t2574
3575,t2575
3576,t2576
3577,t2577
3578,t2578
3579,t2579
3580,t2580
3581,t2581
3582,t2582
3583,t2583
3584,t2584
3585,t2585
3586,t2586
3587,t2587
3588,t2588
3589,t2589
3590,t2590
3591,t2591
3592,t2592
3593,t2593
3594,t2594
3595,t2595
3596,t2596
3597,t2597
3598,t2598
3599,t2599
3600,t2600
3601,t2601
3602,t2602
3603,t2603
3604,t2604
3605,t2605
3606,t2606
3607,t2607
3608,t2608
3609,t2609
3610,t2610
3611,t2611
3612,t2612
3613,t2613
3614,t2614
3615,t2615
3616,t2616
3617,t2617
3618,t2618
3619,t2619
3620,t2620
3621,t2621
3622,t2622
3623,t2623
3624,t2624
3625,t2625
3626,t2626
3627,t2627
3628,t2628
3629,t2629
3630,t2630
3631,t2631
3632,t2632
3633,t2633
3634,t2634
3635,t2635
3636,t2636
3637,t2637
3638,t2638
3639,t2639
3640,t2640
3641,t2641
3642,t2642
3643,t2643
3644,t2644
3645,t2645
3646,t2646
3647,t2647
3648,t2648
3649,t2649
3650,t2650
3651,t2651
3652,t2652
3653,t2653
3654,t2654
3655,t2655
3656,t2656
3657,t2657
3658,t2658
3659,t2659
3660,t2660
3661,t2661
3662,t2662
3663,t2663
3664,t2664
3665,t2665
3666,t2666
3667,t2667
3668,t2668
3669,t2669
3670,t2670
3671,t2671
3672,t2672
3673,t2673
3674,t2674
3675,t2675
3676,t2676
3677,t2677
3678,t2678
3679,t2679
3680,t2680
3681,t2681
3682,t2682
3683,t2683
3684,t2684
3685,t2685
3686,t2686
3687,t2687
3688,t2688
3689,t2689
3690,t2690
3691,t2691
3692,t2692
3693,t2693
3694,t2694
3695,t2695
3696,t2696
3697,t2697
3698,t2698
3699,t2699
3700,t2700
3701,t2701
3702,t2702
3703,t2703
3704,t2704
3705,t2705
3706,t2706
3707,t2707
3708,t2708
3709,t2709
3710,t2710
3711,t2711
3712,t2712
3713,t2713
3714,t2714
3715,t2715
3716,t2716
3717,t2717
3718,t2718
3719,t2719
3720,t2720
3721,t2721
3722,t2722
3723,t2723
3724,t2724
3725,t2725
3726,t2726
3727,t2727
3728,t2728
3729,t2729
3730,t2730
3731,t2731
3732,t2732
3733,t2733
3734,t2734
3735,t2735
3736,t2736
3737,t2737
3738,t2738
3739,t2739
3740,t2740
3741,t2741
3742,t2742
3743,t2743
3744,t2744
3745,t2745
3746,t2746
3747,t2747
3748,t2748
3749,t2749
3750,t2750
3751,t2751
3752,t2752
3753,t2753
3754,t2754
3755,t2755
3756,t2756
3757,t2757
3758,t2758
3759,t2759
3760,t2760
3761,t2761
3762,t2762
3763,t2763
3764,t2764
3765,t2765
3766,t2766
3767,t2767
3768,t2768
3769,t2769
3770,t2770
3771,t2771
3772,t2772
3773,t2773
3774,t2774
3775,t2775
3776,t2776
3777,t2777
3778,t2778
3779,t2779
3780,t2780
3781,t2781
3782,t2782
3783,t2783
3784,t2784
3785,t2785
3786,t2786
3787,t2787
3788,t2788
3789,t2789
3790,t2790
3791,t2791
3792,t2792
3793,t2793
3794,t2794
3795,t2795
3796,t2796
3797,t2797
3798,t2798
3799,t2799
3800,t2800
3801,t2801
3802,t2802
3803,t2803
3804,t2804
3805,t2805
3806,t2806
3807,t2807
3808,t2808
3809,t2809
3810,t2810
3811,t2811
3812,t2812
3813,t2813
3814,t2814
3815,t2815
3816,t2816
3817,t2817
3818,t2818
3819,t2819
3820,t2820
3821,t2821
3822,t2822
3823,t2823
3824,t2824
3825,t2825
3826,t2826
3827,t2827
3828,t2828
3829,t2829
3830,t2830
3831,t2831
3832,t2832
3833,t2833
3834,t2834
3835,t2835
3836,t2836
3837,t2837
3838,t2838
3839,t2839
3840,t2840
3841,t2841
3842,t2842
3843,t2843
3844,t2844
3845,t2845
3846,t2846
3847,t2847
3848,t2848
3849,t2849
3850,t2850
3851,t2851
3852,t2852
3853,t2853
3854,t2854
3855,t2855
3856,t2856
3857,t2857
3858,t2858
3859,t2859
3860,t2860
3861,t2861
3862,t2862
3863,t2863
3864,t2864
3865,t2865
3866,t2866
3867,t2867
3868,t2868
3869,t2869
3870,t2870
3871,t2871
3872,t2872
3873,t2873
3874,t2874
3875,t2875
3876,t2876
3877,t2877
3878,t2878
3879,t2879
3880,t2880
3881,t2881
3882,t2882
3883,t2883
3884,t2884
3885,t2885
3886,t2886
3887,t2887
3888,t2888
3889,t2889
3890,t2890
3891,t2891
3892,t2892
3893,t2893
3894,t2894
3895,t2895
3896,t2896
3897,t2897
3898,t2898
3899,t2899
3900,t2900
3901,t2901
3902,t2902
3903,t2903
3904,t2904
3905,t2905
3906,t2906
3907,t2907
3908,t2908
3909,t2909
3910,t2910
3911,t2911
3912,t2912
3913,t2913
3914,t2914
3915,t2915
3916,t2916
3917,t2917
3918,t2918
3919,t2919
3920,t2920
3921,t2921
3922,t2922
3923,t2923
3924,t2924
3925,t2925
3926,t2926
3927,t2927
3928,t2928
3929,t2929
3930,t2930
3931,t2931
3932,t2932
3933,t2933
3934,t2934
3935,t2935
3936,t2936
3937,t2937
3938,t2938
3939,t2939
3940,t2940
3941,t2941
3942,t2942
3943,t2943
3944,t2944
3945,t2945
3946,t2946
3947,t2947
3948,t2948
3949,t2949
3950,t2950
3951,t2951
3952,t2952
3953,t2953
3954,t2954
3955,t2955
3956,t2956
3957,t2957
3958,t2958
3959,t2959
3960,t2960
3961,t2961
3962,t2962
3963,t2963
3964,t2964
3965,t2965
3966,t2966
3967,t2967
3968,t2968
3969,t2969
3970,t2970
3971,t2971
3972,t2972
3973,t2973
3974,t2974
3975,t2975
3976,t2976
3977,t2977
3978,t2978
3979,t2979
3980,t2980
3981,t2981
3982,t2982
3983,t2983
3984,t2984
3985,t2985
3986,t2986
3987,t2987
3988,t2988
3989,t2989
3990,t2990
3991,t2991
3992,t2992
3993,t2993
3994,t2994
3995,t2995
3996,t2996
3997,t2997
3998,t2998
3999,t2999
4000,t3000
4001,t3001
4002,t3002
4003,t3003
4004,t3004
4005,t3005
4006,t3006
4007,t3007
4008,t3008
4009,t3009
4010,t3010
4011,t3011
4012,t3012
4013,t3013
4014,t3014
4015,t3015
4016,t3016
4017,t3017
4018,t3018
4019,t3019
4020,t3020
4021,t3021
4022,t3022
4023,t3023
4024,t3024
4025,t3025
4026,t3026
4027,t3027
4028,t3028
4029,t3029
4030,t3030
4031,t3031
4032,t3032
4033,t3033
4034,t3034
4035,t3035
4036,t3036
4037,t3037
4038,t3038
4039,t3039
4040,t3040
4041,t3041
4042,t3042
4043,t3043
4044,t3044
4045,t3045
4046,t3046
4047,t3047
4048,t3048
4049,t3049
4050,t3050
4051,t3051
4052,t3052
4053,t3053
4054,t3054
4055,t3055
4056,t3056
4057,t3057
4058,t3058
4059,t3059
4060,t3060
4061,t3061
4062,t3062
4063,t3063
4064,t3064
4065,t3065
4066,t3066
4067,t3067
4068,t3068
4069,t3069
4070,t3070
4071,t3071
4072,t3072
4073,t3073
4074,t3074
4075,t3075
4076,t3076
4077,t3077
4078,t3078
4079,t3079
4080,t3080
4081,t3081
4082,t3082
4083,t3083
4084,t3084
4085,t3085
4086,t3086
4087,t3087
4088,t3088
4089,t3089
4090,t3090
4091,t3091
4092,t3092
4093,t3093
4094,t3094
4095,t3095
4096,t3096
4097,t3097
4098,t3098
4099,t3099
4100,t3100
4101,t3101
4102,t3102
4103,t3103
4104,t3104
4105,t3105
4106,t3106
4107,t3107
4108,t3108
4109,t3109
4110,t3110
4111,t3111
4112,t3112
4113,t3113
4114,t3114
4115,t3115
4116,t3116
4117,t3117
4118,t3118
4119,t3119
4120,t3120
4121,t3121
4122,t3122
4123,t3123
4124,t3124
4125,t3125
4126,t3126
4127,t3127
4128,t3128
4129,t3129
4130,t3130
4131,t3131
4132,t3132
4133,t3133
4134,t3134
4135,t3135
4136,t3136
4137,t3137
4138,t3138
4139,t3139
4140,t3140
4141,t3141
4142,t3142
4143,t3143
4144,t3144
4145,t3145
4146,t3146
4147,t3147
4148,t3148
4149,t3149
4150,t3150
4151,t3151
4152,t3152
4153,t3153
4154,t3154
4155,t3155
4156,t3156
4157,t3157
4158,t3158
4159,t3159
4160,t3160
4161,t3161
4162,t3162
4163,t3163
4164,t3164
4165,t3165
4166,t3166
4167,t3167
4168,t3168
4169,t3169
4170,t3170
4171,t3171
4172,t3172
4173,t3173
4174,t3174
4175,t3175
4176,t3176
4177,t3177
4178,t3178
4179,t3179
4180,t3180
4181,t3181
4182,t3182
4183,t3183
4184,t3184
4185,t3185
4186,t3186
4187,t3187
4188,t3188
4189,t3189
4190,t3190
4191,t3191
4192,t3192
4193,t3193
4194,t3194
4195,t3195
4196,t3196
4197,t3197
4198,t3198
4199,t3199
4200,t3200
4201,t3201
4202,t3202
4203,t3203
4204,t3204
4205,t3205
4206,t3206
4207,t3207
4208,t3208
4209,t3209
4210,t3210
4211,t3211
4212,t3212
4213,t3213
4214,t3214
4215,t3215
4216,t3216
4217,t3217
4218,t3218
4219,t3219
4220,t3220
4221,t3221
4222,t3222
4223,t3223
4224,t3224
4225,t3225
4226,t3226
4227,t3227
4228,t3228
4229,t3229
4230,t3230
4231,t3231
4232,t3232
4233,t3233
4234,t3234
4235,t3235
4236,t3236
4237,t3237
4238,t3238
4239,t3239
4240,t3240
4241,t3241
4242,t3242
4243,t3243
4244,t3244
4245,t3245
4246,t3246
4247,t3247
4248,t3248
4249,t3249
4250,t3250
4251,t3251
4252,t3252
4253,t3253
4254,t3254
4255,t3255
4256,t3256
4257,t3257
4258,t3258
4259,t3259
4260,t3260
4261,t3261
4262,t3262
4263,t3263
4264,t3264
4265,t3265
4266,t3266
4267,t3267
4268,t3268
4269,t3269
4270,t3270
4271,t3271
4272,t3272
4273,t3273
4274,t3274
4275,t3275
4276,t3276
4277,t3277
4278,t3278
4279,t3279
4280,t3280
4281,t3281
4282,t3282
4283,t3283
4284,t3284
4285,t3285
4286,t3286
4287,t3287
4288,t3288
4289,t3289
4290,t3290
4291,t3291
4292,t3292
4293,t3293
4294,t3294
4295,t3295
4296,t3296
4297,t3297
4298,t3298
4299,t3299
4300,t3300
4301,t3301
4302,t3302
4303,t3303
4304,t3304
4305,t3305
4306,t3306
4307,t3307
4308,t3308
4309,t3309
4310,t3310
4311,t3311
4312,t3312
4313,t3313
4314,t3314
4315,t3315
4316,t3316
4317,t3317
4318,t3318
4319,t3319
4320,t3320
4321,t3321
4322,t3322
4323,t3323
4324,t3324
4325,t3325
4326,t3326
4327,t3327
4328,t3328
4329,t3329
4330,t3330
4331,t3331
4332,t3332
4333,t3333
4334,t3334
4335,t3335
4336,t3336
4337,t3337
4338,t3338
4339,t3339
4340,t3340
4341,t3341
4342,t3342
4343,t3343
4344,t3344
4345,t3345
4346,t3346
4347,t3347
4348,t3348
4349,t3349
4350,t3350
4351,t3351
4352,t3352
4353,t3353
4354,t3354
4355,t3355
4356,t3356
4357,t3357
4358,t3358
4359,t3359
4360,t3360
4361,t3361
4362,t3362
4363,t3363
4364,t3364
4365,t3365
4366,t3366
4367,t3367
4368,t3368
4369,t3369
4370,t3370
4371,t3371
4372,t3372
4373,t3373
4374,t3374
4375,t3375
4376,t3376
4377,t3377
4378,t3378
4379,t3379
4380,t3380
4381,t3381
4382,t3382
4383,t3383
4384,t3384
4385,t3385
4386,t3386
4387,t3387
4388,t3388
4389,t3389
4390,t3390
4391,t3391
4392,t3392
4393,t3393
4394,t3394
4395,t3395
4396,t3396
4397,t3397
4398,t3398
4399,t3399
4400,t3400
4401,t3401
4402,t3402
4403,t3403
4404,t3404
4405,t3405
4406,t3406
4407,t3407
4408,t3408
4409,t3409
4410,t3410
4411,t3411
4412,t3412
4413,t3413
4414,t3414
4415,t3415
4416,t3416
4417,t3417
4418,t3418
4419,t3419
4420,t3420
4421,t3421
4422,t3422
4423,t3423
4424,t3424
4425,t3425
4426,t3426
4427,t3427
4428,t3428
4429,t3429
4430,t3430
4431,t3431
4432,t3432
4433,t3433
4434,t3434
4435,t3435
4436,t3436
4437,t3437
4438,t3438
4439,t3439
4440,t3440
4441,t3441
4442,t3442
4443,t3443
4444,t3444
4445,t3445
4446,t3446
4447,t3447
4448,t3448
4449,t3449
4450,t3450
4451,t3451
4452,t3452
4453,t3453
4454,t3454
4455,t3455
4456,t3456
4457,t3457
4458,t3458
4459,t3459
4460,t3460
4461,t3461
4462,t3462
4463,t3463
4464,t3464
4465,t3465
4466,t3466
4467,t3467
4468,t3468
4469,t3469
4470,t3470
4471,t3471
4472,t3472
4473,t3473
4474,t3474
4475,t3475
4476,t3476
4477,t3477
4478,t3478
4479,t3479
4480,t3480
4481,t3481
4482,t3482
4483,t3483
4484,t3484
4485,t3485
4486,t3486
4487,t3487
4488,t3488
4489,t3489
4490,t3490
4491,t3491
4492,t3492
4493,t3493
4494,t3494
4495,t3495
4496,t3496
4497,t3497
4498,t3498
4499,t3499
4500,t3500
4501,t3501
4502,t3502
4503,t3503
4504,t3504
4505,t3505
4506,t3506
4507,t3507
4508,t3508
4509,t3509
4510,t3510
4511,t3511
4512,t3512
4513,t3513
4514,t3514
4515,t3515
4516,t3516
4517,t3517
4518,t3518
4519,t3519
4520,t3520
4521,t3521
4522,t3522
4523,t3523
4524,t3524
4525,t3525
4526,t3526
4527,t3527
4528,t3528
4529,t3529
4530,t3530
4531,t3531
4532,t3532
4533,t3533
4534,t3534
4535,t3535
4536,t3536
4537,t3537
4538,t3538
4539,t3539
4540,t3540
4541,t3541
4542,t3542
4543,t3543
4544,t3544
4545,t3545
4546,t3546
4547,t3547
4548,t3548
4549,t3549
4550,t3550
4551,t3551
4552,t3552
4553,t3553
4554,t3554
4555,t3555
4556,t3556
4557,t3557
4558,t3558
4559,t3559
4560,t3560
4561,t3561
4562,t3562
4563,t3563
4564,t3564
4565,t3565
4566,t3566
4567,t3567
4568,t3568
4569,t3569
4570,t3570
4571,t3571
4572,t3572
4573,t3573
4574,t3574
4575,t3575
4576,t3576
4577,t3577
4578,t3578
4579,t3579
4580,t3580
4581,t3581
4582,t3582
4583,t3583
4584,t3584
4585,t3585
4586,t3586
4587,t3587
4588,t3588
4589,t3589
4590,t3590
4591,t3591
4592,t3592
4593,t3593
4594,t3594
4595,t3595
4596,t3596
4597,t3597
4598,t3598
4599,t3599
4600,t3600
4601,t3601
4602,t3602
4603,t3603
4604,t3604
4605,t3605
4606,t3606
4607,t3607
4608,t3608
4609,t3609
4610,t3610
4611,t3611
4612,t3612
4613,t3613
4614,t3614
4615,t3615
4616,t3616
4617,t3617
4618,t3618
4619,t3619
4620,t3620
4621,t3621
4622,t3622
4623,t3623
4624,t3624
4625,t3625
4626,t3626
4627,t3627
4628,t3628
4629,t3629
4630,t3630
4631,t3631
4632,t3632
4633,t3633
4634,t3634
4635,t3635
4636,t3636
4637,t3637
4638,t3638
4639,t3639
4640,t3640
4641,t3641
4642,t3642
4643,t3643
4644,t3644
4645,t3645
4646,t3646
4647,t3647
4648,t3648
4649,t3649
4650,t3650
4651,t3651
4652,t3652
4653,t3653
4654,t3654
4655,t3655
4656,t3656
4657,t3657
4658,t3658
4659,t3659
4660,t3660
4661,t3661
4662,t3662
4663,t3663
4664,t3664
4665,t3665
4666,t3666
4667,t3667
4668,t3668
4669,t3669
4670,t3670
4671,t3671
4672,t3672
4673,t3673
4674,t3674
4675,t3675
4676,t3676
4677,t3677
4678,t3678
4679,t3679
4680,t3680
4681,t3681
4682,t3682
4683,t3683
4684,t3684
4685,t3685
4686,t3686
4687,t3687
4688,t3688
4689,t3689
4690,t3690
4691,t3691
4692,t3692
4693,t3693
4694,t3694
4695,t3695
4696,t3696
4697,t3697
4698,t3698
4699,t3699
4700,t3700
4701,t3701
4702,t3702
4703,t3703
4704,t3704
4705,t3705
4706,t3706
4707,t3707
4708,t3708
4709,t3709
4710,t3710
4711,t3711
4712,t3712
4713,t3713
4714,t3714
4715,t3715
4716,t3716
4717,t3717
4718,t3718
4719,t3719
4720,t3720
4721,t3721
4722,t3722
4723,t3723
4724,t3724
4725,t3725
4726,t3726
4727,t3727
4728,t3728
4729,t3729
4730,t3730
4731,t3731
4732,t3732
4733,t3733
4734,t3734
4735,t3735
4736,t3736
4737,t3737
4738,t3738
4739,t3739
4740,t3740
4741,t3741
4742,t3742
4743,t3743
4744,t3744
4745,t3745
4746,t3746
4747,t3747
4748,t3748
4749,t3749
4750,t3750
4751,t3751
4752,t3752
4753,t3753
4754,t3754
4755,t3755
4756,t3756
4757,t3757
4758,t3758
4759,t3759
4760,t3760
4761,t3761
4762,t3762
4763,t3763
4764,t3764
4765,t3765
4766,t3766
4767,t3767
4768,t3768
4769,t3769
4770,t3770
4771,t3771
4772,t3772
4773,t3773
4774,t3774
4775,t3775
4776,t3776
4777,t3777
4778,t3778
4779,t3779
4780,t3780
4781,t3781
4782,t3782
4783,t3783
4784,t3784
4785,t3785
4786,t3786
4787,t3787
4788,t3788
4789,t3789
4790,t3790
4791,t3791
4792,t3792
4793,t3793
4794,t3794
4795,t3795
4796,t3796
4797,t3797
4798,t3798
4799,t3799
4800,t3800
4801,t3801
4802,t3802
4803,t3803
4804,t3804
4805,t3805
4806,t3806
4807,t3807
4808,t3808
4809,t3809
4810,t3810
4811,t3811
4812,t3812
4813,t3813
4814,t3814
4815,t3815
4816,t3816
4817,t3817
4818,t3818
4819,t3819
4820,t3820
4821,t3821
4822,t3822
4823,t3823
4824,t3824
4825,t3825
4826,t3826
4827,t3827
4828,t3828
4829,t3829
4830,t3830
4831,t3831
4832,t3832
4833,t3833
4834,t3834
4835,t3835
4836,t3836
4837,t3837
4838,t3838
4839,t3839
4840,t3840
4841,t3841
4842,t3842
4843,t3843
4844,t3844
4845,t3845
4846,t3846
4847,t3847
4848,t3848
4849,t3849
4850,t3850
4851,t3851
4852,t3852
4853,t3853
4854,t3854
4855,t3855
4856,t3856
4857,t3857
4858,t3858
4859,t3859
4860,t3860
4861,t3861
4862,t3862
4863,t3863
4864,t3864
4865,t3865
4866,t3866
4867,t3867
4868,t3868
4869,t3869
4870,t3870
4871,t3871
4872,t3872
4873,t3873
4874,t3874
4875,t3875
4876,t3876
4877,t3877
4878,t3878
4879,t3879
4880,t3880
4881,t3881
4882,t3882
4883,t3883
4884,t3884
4885,t3885
4886,t3886
4887,t3887
4888,t3888
4889,t3889
4890,t3890
4891,t3891
4892,t3892
4893,t3893
4894,t3894
4895,t3895
4896,t3896
4897,t3897
4898,t3898
4899,t3899
4900,t3900
4901,t3901
4902,t3902
4903,t3903
4904,t3904
4905,t3905
4906,t3906
4907,t3907
4908,t3908
4909,t3909
4910,t3910
4911,t3911
4912,t3912
4913,t3913
4914,t3914
4915,t3915
4916,t3916
4917,t3917
4918,t3918
4919,t3919
4920,t3920
4921,t3921
4922,t3922
4923,t3923
4924,t3924
4925,t3925
4926,t3926
4927,t3927
4928,t3928
4929,t3929
4930,t3930
4931,t3931
4932,t3932
4933,t3933
4934,t3934
4935,t3935
4936,t3936
4937,t3937
4938,t3938
4939,t3939
4940,t3940
4941,t3941
4942,t3942
4943,t3943
4944,t3944
4945,t3945
4946,t3946
4947,t3947
4948,t3948
4949,t3949
4950,t3950
4951,t3951
4952,t3952
4953,t3953
4954,t3954
4955,t3955
4956,t3956
4957,t3957
4958,t3958
4959,t3959
4960,t3960
4961,t3961
4962,t3962
4963,t3963
4964,t3964
4965,t3965
4966,t3966
4967,t3967
4968,t3968
4969,t3969
4970,t3970
4971,t3971
4972,t3972
4973,t3973
4974,t3974
4975,t3975
4976,t3976
4977,t3977
4978,t3978
4979,t3979
4980,t3980
4981,t3981
4982,t3982
4983,t3983
4984,t3984
4985,t3985
4986,t3986
4987,t3987
4988,t3988
4989,t3989
4990,t3990
4991,t3991
4992,t3992
4993,t3993
4994,t3994
4995,t3995
4996,t3996
4997,t3997
4998,t3998
4999,t3999
5000,t4000
5001,t4001
5002,t4002
5003,t4003
5004,t4004
5005,t4005
5006,t4006
5007,t4007
5008,t4008
5009,t4009
5010,t4010
5011,t4011
5012,t4012
5013,t4013
5014,t4014
5015,t4015
5016,t4016
5017,t4017
5018,t4018
5019,t4019
5020,t4020
5021,t4021
5022,t4022
5023,t4023
5024,t4024
5025,t4025
5026,t4026
5027,t4027
5028,t4028
5029,t4029
5030,t4030
5031,t4031
5032,t4032
5033,t4033
5034,t4034
5035,t4035
5036,t4036
5037,t4037
5038,t4038
5039,t4039
5040,t4040
5041,t4041
5042,t4042
5043,t4043
5044,t4044
5045,t4045
5046,t4046
5047,t4047
5048,t4048
5049,t4049
5050,t4050
5051,t4051
5052,t4052
5053,t4053
5054,t4054
5055,t4055
5056,t4056
5057,t4057
5058,t4058
5059,t4059
5060,t4060
5061,t4061
5062,t4062
5063,t4063
5064,t4064
5065,t4065
5066,t4066
5067,t4067
5068,t4068
5069,t4069
5070,t4070
5071,t4071
5072,t4072
5073,t4073
5074,t4074
5075,t4075
5076,t4076
5077,t4077
5078,t4078
5079,t4079
5080,t4080
5081,t4081
5082,t4082
5083,t4083
5084,t4084
5085,t4085
5086,t4086
5087,t4087
5088,t4088
5089,t4089
5090,t4090
5091,t4091
5092,t4092
5093,t4093
5094,t4094
5095,t4095
5096,t4096
5097,t4097
5098,t4098
5099,t4099
5100,t4100
5101,t4101
5102,t4102
5103,t4103
5104,t4104
5105,t4105
5106,t4106
5107,t4107
5108,t4108
5109,t4109
5110,t4110
5111,t4111
5112,t4112
5113,t4113
5114,t4114
5115,t4115
5116,t4116
5117,t4117
5118,t4118
5119,t4119
5120,t4120
5121,t4121
5122,t4122
5123,t4123
5124,t4124
5125,t4125
5126,t4126
5127,t4127
5128,t4128
5129,t4129
5130,t4130
5131,t4131
5132,t4132
5133,t4133
5134,t4134
5135,t4135
5136,t4136
5137,t4137
5138,t4138
5139,t4139
5140,t4140
5141,t4141
5142,t4142
5143,t4143
5144,t4144
5145,t4145
5146,t4146
5147,t4147
5148,t4148
5149,t4149
5150,t4150
5151,t4151
5152,t4152
5153,t4153
5154,t4154
5155,t4155
5156,t4156
5157,t4157
5158,t4158
5159,t4159
5160,t4160
5161,t4161
5162,t4162
5163,t4163
5164,t4164
5165,t4165
5166,t4166
5167,t4167
5168,t4168
5169,t4169
5170,t4170
5171,t4171
5172,t4172
5173,t4173
5174,t4174
5175,t4175
5176,t4176
5177,t4177
5178,t4178
5179,t4179
5180,t4180
5181,t4181
5182,t4182
5183,t4183
5184,t4184
5185,t4185
5186,t4186
5187,t4187
5188,t4188
5189,t4189
5190,t4190
5191,t4191
5192,t4192
5193,t4193
5194,t4194
5195,t4195
5196,t4196
5197,t4197
5198,t4198
5199,t4199
5200,t4200
5201,t4201
5202,t4202
5203,t4203
5204,t4204
5205,t4205
5206,t4206
5207,t4207
5208,t4208
5209,t4209
5210,t4210
5211,t4211
5212,t4212
5213,t4213
5214,t4214
5215,t4215
5216,t4216
5217,t4217
5218,t4218
5219,t4219
5220,t4220
5221,t4221
5222,t4222
5223,t4223
5224,t4224
5225,t4225
5226,t4226
5227,t4227
5228,t4228
5229,t4229
5230,t4230
5231,t4231
5232,t4232
5233,t4233
5234,t4234
5235,t4235
5236,t4236
5237,t4237
5238,t4238
5239,t4239
5240,t4240
5241,t4241
5242,t4242
5243,t4243
5244,t4244
5245,t4245
5246,t4246
5247,t4247
5248,t4248
5249,t4249
5250,t4250
5251,t4251
5252,t4252
5253,t4253
5254,t4254
5255,t4255
5256,t4256
5257,t4257
5258,t4258
5259,t4259
5260,t4260
5261,t4261
5262,t4262
5263,t4263
5264,t4264
5265,t4265
5266,t4266
5267,t4267
5268,t4268
5269,t4269
5270,t4270
5271,t4271
5272,t4272
5273,t4273
5274,t4274
5275,t4275
5276,t4276
5277,t4277
5278,t4278
5279,t4279
5280,t4280
5281,t4281
5282,t4282
5283,t4283
5284,t4284
5285,t4285
5286,t4286
5287,t4287
5288,t4288
5289,t4289
5290,t4290
5291,t4291
5292,t4292
5293,t4293
5294,t4294
5295,t4295
5296,t4296
5297,t4297
5298,t4298
5299,t4299
5300,t4300
5301,t4301
5302,t4302
5303,t4303
5304,t4304
5305,t4305
5306,t4306
5307,t4307
5308,t4308
5309,t4309
5310,t4310
5311,t4311
5312,t4312
5313,t4313
5314,t4314
5315,t4315
5316,t4316
5317,t4317
5318,t4318
5319,t4319
5320,t4320
5321,t4321
5322,t4322
5323,t4323
5324,t4324
5325,t4325
5326,t4326
5327,t4327
5328,t4328
5329,t4329
5330,t4330
5331,t4331
5332,t4332
5333,t4333
5334,t4334
5335,t4335
5336,t4336
5337,t4337
5338,t4338
5339,t4339
5340,t4340
5341,t4341
5342,t4342
5343,t4343
5344,t4344
5345,t4345
5346,t4346
5347,t4347
5348,t4348
5349,t4349
5350,t4350
5351,t4351
5352,t4352
5353,t4353
5354,t4354
5355,t4355
5356,t4356
5357,t4357
5358,t4358
5359,t4359
5360,t4360
5361,t4361
5362,t4362
5363,t4363
5364,t4364
5365,t4365
5366,t4366
5367,t4367
5368,t4368
5369,t4369
5370,t4370
5371,t4371
5372,t4372
5373,t4373
5374,t4374
5375,t4375
5376,t4376
5377,t4377
5378,t4378
5379,t4379
5380,t4380
5381,t4381
5382,t4382
5383,t4383
5384,t4384
5385,t4385
5386,t4386
5387,t4387
5388,t4388
5389,t4389
5390,t4390
5391,t4391
5392,t4392
5393,t4393
5394,t4394
5395,t4395
5396,t4396
5397,t4397
5398,t4398
5399,t4399
5400,t4400
5401,t4401
5402,t4402
5403,t4403
5404,t4404
5405,t4405
5406,t4406
5407,t4407
5408,t4408
5409,t4409
5410,t4410
5411,t4411
5412,t4412
5413,t4413
5414,t4414
5415,t4415
5416,t4416
5417,t4417
5418,t4418
5419,t4419
5420,t4420
5421,t4421
5422,t4422
5423,t4423
5424,t4424
5425,t4425
5426,t4426
5427,t4427
5428,t4428
5429,t4429
5430,t4430
5431,t4431
5432,t4432
5433,t4433
5434,t4434
5435,t4435
5436,t4436
5437,t4437
5438,t4438
5439,t4439
5440,t4440
5441,t4441
5442,t4442
5443,t4443
5444,t4444
5445,t4445
5446,t4446
5447,t4447
5448,t4448
5449,t4449
5450,t4450
5451,t4451
5452,t4452
5453,t4453
5454,t4454
5455,t4455
5456,t4456
5457,t4457
5458,t4458
5459,t4459
5460,t4460
5461,t4461
5462,t4462
5463,t4463
5464,t4464
5465,t4465
5466,t4466
5467,t4467
5468,t4468
5469,t4469
5470,t4470
5471,t4471
5472,t4472
5473,t4473
5474,t4474
5475,t4475
5476,t4476
5477,t4477
5478,t4478
5479,t4479
5480,t4480
5481,t4481
5482,t4482
5483,t4483
5484,t4484
5485,t4485
5486,t4486
5487,t4487
5488,t4488
5489,t4489
5490,t4490
5491,t4491
5492,t4492
5493,t4493
5494,t4494
5495,t4495
5496,t4496
5497,t4497
5498,t4498
5499,t4499
5500,t4500
5501,t4501
5502,t4502
5503,t4503
5504,t4504
5505,t4505
5506,t4506
5507,t4507
5508,t4508
5509,t4509
5510,t4510
5511,t4511
5512,t4512
5513,t4513
5514,t4514
5515,t4515
5516,t4516
5517,t4517
5518,t4518
5519,t4519
5520,t4520
5521,t4521
5522,t4522
5523,t4523
5524,t4524
5525,t4525
5526,t4526
5527,t4527
5528,t4528
5529,t4529
5530,t4530
5531,t4531
5532,t4532
5533,t4533
5534,t4534
5535,t4535
5536,t4536
5537,t4537
5538,t4538
5539,t4539
5540,t4540
5541,t4541
5542,t4542
5543,t4543
5544,t4544
5545,t4545
5546,t4546
5547,t4547
5548,t4548
5549,t4549
5550,t4550
5551,t4551
5552,t4552
5553,t4553
5554,t4554
5555,t4555
5556,t4556
5557,t4557
5558,t4558
5559,t4559
5560,t4560
5561,t4561
5562,t4562
5563,t4563
5564,t4564
5565,t4565
5566,t4566
5567,t4567
5568,t4568
5569,t4569
5570,t4570
5571,t4571
5572,t4572
5573,t4573
5574,t4574
5575,t4575
5576,t4576
5577,t4577
5578,t4578
5579,t4579
5580,t4580
5581,t4581
5582,t4582
5583,t4583
5584,t4584
5585,t4585
5586,t4586
5587,t4587
5588,t4588
5589,t4589
5590,t4590
5591,t4591
5592,t4592
5593,t4593
5594,t4594
5595,t4595
5596,t4596
5597,t4597
5598,t4598
5599,t4599
5600,t4600
5601,t4601
5602,t4602
5603,t4603
5604,t4604
5605,t4605
5606,t4606
5607,t4607
5608,t4608
5609,t4609
5610,t4610
5611,t4611
5612,t4612
5613,t4613
5614,t4614
5615,t4615
5616,t4616
5617,t4617
5618,t4618
5619,t4619
5620,t4620
5621,t4621
5622,t4622
5623,t4623
5624,t4624
5625,t4625
5626,t4626
5627,t4627
5628,t4628
5629,t4629
5630,t4630
5631,t4631
5632,t4632
5633,t4633
5634,t4634
5635,t4635
5636,t4636
5637,t4637
5638,t4638
5639,t4639
5640,t4640
5641,t4641
5642,t4642
5643,t4643
5644,t4644
5645,t4645
5646,t4646
5647,t4647
5648,t4648
5649,t4649
5650,t4650
5651,t4651
5652,t4652
5653,t4653
5654,t4654
5655,t4655
5656,t4656
5657,t4657
5658,t4658
5659,t4659
5660,t4660
5661,t4661
5662,t4662
5663,t4663
5664,t4664
5665,t4665
5666,t4666
5667,t4667
5668,t4668
5669,t4669
5670,t4670
5671,t4671
5672,t4672
5673,t4673
5674,t4674
5675,t4675
5676,t4676
5677,t4677
5678,t4678
5679,t4679
5680,t4680
5681,t4681
5682,t4682
5683,t4683
5684,t4684
5685,t4685
5686,t4686
5687,t4687
5688,t4688
5689,t4689
5690,t4690
5691,t4691
5692,t4692
5693,t4693
5694,t4694
5695,t4695
5696,t4696
5697,t4697
5698,t4698
5699,t4699
5700,t4700
5701,t4701
5702,t4702
5703,t4703
5704,t4704
5705,t4705
5706,t4706
5707,t4707
5708,t4708
5709,t4709
5710,t4710
5711,t4711
5712,t4712
5713,t4713
5714,t4714
5715,t4715
5716,t4716
5717,t4717
5718,t4718
5719,t4719
5720,t4720
5721,t4721
5722,t4722
5723,t4723
5724,t4724
5725,t4725
5726,t4726
5727,t4727
5728,t4728
5729,t4729
5730,t4730
5731,t4731
5732,t4732
5733,t4733
5734,t4734
5735,t4735
5736,t4736
5737,t4737
5738,t4738
5739,t4739
5740,t4740
5741,t4741
5742,t4742
5743,t4743
5744,t4744
5745,t4745
5746,t4746
5747,t4747
5748,t4748
5749,t4749
5750,t4750
5751,t4751
5752,t4752
5753,t4753
5754,t4754
5755,t4755
5756,t4756
5757,t4757
5758,t4758
5759,t4759
5760,t4760
5761,t4761
5762,t4762
5763,t4763
5764,t4764
5765,t4765
5766,t4766
5767,t4767
5768,t4768
5769,t4769
5770,t4770
5771,t4771
5772,t4772
5773,t4773
5774,t4774
5775,t4775
5776,t4776
5777,t4777
5778,t4778
5779,t4779
5780,t4780
5781,t4781
5782,t4782
5783,t4783
5784,t4784
5785,t4785
5786,t4786
5787,t4787
5788,t4788
5789,t4789
5790,t4790
5791,t4791
5792,t4792
5793,t4793
5794,t4794
5795,t4795
5796,t4796
5797,t4797
5798,t4798
5799,t4799
5800,t4800
5801,t4801
5802,t4802
5803,t4803
5804,t4804
5805,t4805
5806,t4806
5807,t4807
5808,t4808
5809,t4809
5810,t4810
5811,t4811
5812,t4812
5813,t4813
5814,t4814
5815,t4815
5816,t4816
5817,t4817
5818,t4818
5819,t4819
5820,t4820
5821,t4821
5822,t4822
5823,t4823
5824,t4824
5825,t4825
5826,t4826
5827,t4827
5828,t4828
5829,t4829
5830,t4830
5831,t4831
5832,t4832
5833,t4833
5834,t4834
5835,t4835
5836,t4836
5837,t4837
5838,t4838
5839,t4839
5840,t4840
5841,t4841
5842,t4842
5843,t4843
5844,t4844
5845,t4845
5846,t4846
5847,t4847
5848,t4848
5849,t4849
5850,t4850
5851,t4851
5852,t4852
5853,t4853
5854,t4854
5855,t4855
5856,t4856
5857,t4857
5858,t4858
5859,t4859
5860,t4860
5861,t4861
5862,t4862
5863,t4863
5864,t4864
5865,t4865
5866,t4866
5867,t4867
5868,t4868
5869,t4869
5870,t4870
5871,t4871
5872,t4872
5873,t4873
5874,t4874
5875,t4875
5876,t4876
5877,t4877
5878,t4878
5879,t4879
5880,t4880
5881,t4881
5882,t4882
5883,t4883
5884,t4884
5885,t4885
5886,t4886
5887,t4887
5888,t4888
5889,t4889
5890,t4890
5891,t4891
5892,t4892
5893,t4893
5894,t4894
5895,t4895
5896,t4896
5897,t4897
5898,t4898
5899,t4899
5900,t4900
5901,t4901
5902,t4902
5903,t4903
5904,t4904
5905,t4905
5906,t4906
5907,t4907
5908,t4908
5909,t4909
5910,t4910
5911,t4911
5912,t4912
5913,t4913
5914,t4914
5915,t4915
5916,t4916
5917,t4917
5918,t4918
5919,t4919
5920,t4920
5921,t4921
5922,t4922
5923,t4923
5924,t4924
5925,t4925
5926,t4926
5927,t4927
5928,t4928
5929,t4929
5930,t4930
5931,t4931
5932,t4932
5933,t4933
5934,t4934
5935,t4935
5936,t4936
5937,t4937
5938,t4938
5939,t4939
5940,t4940
5941,t4941
5942,t4942
5943,t4943
5944,t4944
5945,t4945
5946,t4946
5947,t4947
5948,t4948
5949,t4949
5950,t4950
5951,t4951
5952,t4952
5953,t4953
5954,t4954
5955,t4955
5956,t4956
5957,t4957
5958,t4958
5959,t4959
5960,t4960
5961,t4961
5962,t4962
5963,t4963
5964,t4964
5965,t4965
5966,t4966
5967,t4967
5968,t4968
5969,t4969
5970,t4970
5971,t4971
5972,t4972
5973,t4973
5974,t4974
5975,t4975
5976,t4976
5977,t4977
5978,t4978
5979,t4979
5980,t4980
5981,t4981
5982,t4982
5983,t4983
5984,t4984
5985,t4985
5986,t4986
5987,t4987
5988,t4988
5989,t4989
5990,t4990
5991,t4991
5992,t4992
5993,t4993
5994,t4994
5995,t4995
5996,t4996
5997,t4997
5998,t4998
5999,t4999
6000,t5000
6001,t5001
6002,t5002
6003,t5003
6004,t5004
6005,t5005
6006,t5006
6007,t5007
6008,t5008
6009,t5009
6010,t5010
6011,t5011
6012,t5012
6013,t5013
6014,t5014
6015,t5015
6016,t5016
6017,t5017
6018,t5018
6019,t5019
6020,t5020
6021,t5021
6022,t5022
6023,t5023
6024,t5024
6025,t5025
6026,t5026
6027,t5027
6028,t5028
6029,t5029
6030,t5030
6031,t5031
6032,t5032
6033,t5033
6034,t5034
6035,t5035
6036,t5036
6037,t5037
6038,t5038
6039,t5039
6040,t5040
6041,t5041
6042,t5042
6043,t5043
6044,t5044
6045,t5045
6046,t5046
6047,t5047
6048,t5048
6049,t5049
6050,t5050
6051,t5051
6052,t5052
6053,t5053
6054,t5054
6055,t5055
6056,t5056
6057,t5057
6058,t5058
6059,t5059
6060,t5060
6061,t5061
6062,t5062
6063,t5063
6064,t5064
6065,t5065
6066,t5066
6067,t5067
6068,t5068
6069,t5069
6070,t5070
6071,t5071
6072,t5072
6073,t5073
6074,t5074
6075,t5075
6076,t5076
6077,t5077
6078,t5078
6079,t5079
6080,t5080
6081,t5081
6082,t5082
6083,t5083
6084,t5084
6085,t5085
6086,t5086
6087,t5087
6088,t5088
6089,t5089
6090,t5090
6091,t5091
6092,t5092
6093,t5093
6094,t5094
6095,t5095
6096,t5096
6097,t5097
6098,t5098
6099,t5099
6100,t5100
6101,t5101
6102,t5102
6103,t5103
6104,t5104
6105,t5105
6106,t5106
6107,t5107
6108,t5108
6109,t5109
6110,t5110
6111,t5111
6112,t5112
6113,t5113
6114,t5114
6115,t5115
6116,t5116
6117,t5117
6118,t5118
6119,t5119
6120,t5120
6121,t5121
6122,t5122
6123,t5123
6124,t5124
6125,t5125
6126,t5126
6127,t5127
6128,t5128
6129,t5129
6130,t5130
6131,t5131
6132,t5132
6133,t5133
6134,t5134
6135,t5135
6136,t5136
6137,t5137
6138,t5138
6139,t5139
6140,t5140
6141,t5141
6142,t5142
6143,t5143
6144,t5144
6145,t5145
6146,t5146
6147,t5147
6148,t5148
6149,t5149
6150,t5150
6151,t5151
6152,t5152
6153,t5153
6154,t5154
6155,t5155
6156,t5156
6157,t5157
6158,t5158
6159,t5159
6160,t5160
6161,t5161
6162,t5162
6163,t5163
6164,t5164
6165,t5165
6166,t5166
6167,t5167
6168,t5168
6169,t5169
6170,t5170
6171,t5171
6172,t5172
6173,t5173
6174,t5174
6175,t5175
6176,t5176
6177,t5177
6178,t5178
6179,t5179
6180,t5180
6181,t5181
6182,t5182
6183,t5183
6184,t5184
6185,t5185
6186,t5186
6187,t5187
6188,t5188
6189,t5189
6190,t5190
6191,t5191
6192,t5192
6193,t5193
6194,t5194
6195,t5195
6196,t5196
6197,t5197
6198,t5198
6199,t5199
6200,t5200
6201,t5201
6202,t5202
6203,t5203
6204,t5204
6205,t5205
6206,t5206
6207,t5207
6208,t5208
6209,t5209
6210,t5210
6211,t5211
6212,t5212
6213,t5213
6214,t5214
6215,t5215
6216,t5216
6217,t5217
6218,t5218
6219,t5219
6220,t5220
6221,t5221
6222,t5222
6223,t5223
6224,t5224
6225,t5225
6226,t5226
6227,t5227
6228,t5228
6229,t5229
6230,t5230
6231,t5231
6232,t5232
6233,t5233
6234,t5234
6235,t5235
6236,t5236
6237,t5237
6238,t5238
6239,t5239
6240,t5240
6241,t5241
6242,t5242
6243,t5243
6244,t5244
6245,t5245
6246,t5246
6247,t5247
6248,t5248
6249,t5249
6250,t5250
6251,t5251
6252,t5252
6253,t5253
6254,t5254
6255,t5255
6256,t5256
6257,t5257
6258,t5258
6259,t5259
6260,t5260
6261,t5261
6262,t5262
6263,t5263
6264,t5264
6265,t5265
6266,t5266
6267,t5267
6268,t5268
6269,t5269
6270,t5270
6271,t5271
6272,t5272
6273,t5273
6274,t5274
6275,t5275
6276,t5276
6277,t5277
6278,t5278
6279,t5279
6280,t5280
6281,t5281
6282,t5282
6283,t5283
6284,t5284
6285,t5285
6286,t5286
6287,t5287
6288,t5288
6289,t5289
6290,t5290
6291,t5291
6292,t5292
6293,t5293
6294,t5294
6295,t5295
6296,t5296
6297,t5297
6298,t5298
6299,t5299
6300,t5300
6301,t5301
6302,t5302
6303,t5303
6304,t5304
6305,t5305
6306,t5306
6307,t5307
6308,t5308
6309,t5309
6310,t5310
6311,t5311
6312,t5312
6313,t5313
6314,t5314
6315,t5315
6316,t5316
6317,t5317
6318,t5318
6319,t5319
6320,t5320
6321,t5321
6322,t5322
6323,t5323
6324,t5324
6325,t5325
6326,t5326
6327,t5327
6328,t5328
6329,t5329
6330,t5330
6331,t5331
6332,t5332
6333,t5333
6334,t5334
6335,t5335
6336,t5336
6337,t5337
6338,t5338
6339,t5339
6340,t5340
6341,t5341
6342,t5342
6343,t5343
6344,t5344
6345,t5345
6346,t5346
6347,t5347
6348,t5348
6349,t5349
6350,t5350
6351,t5351
6352,t5352
6353,t5353
6354,t5354
6355,t5355
6356,t5356
6357,t5357
6358,t5358
6359,t5359
6360,t5360
6361,t5361
6362,t5362
6363,t5363
6364,t5364
6365,t5365
6366,t5366
6367,t5367
6368,t5368
6369,t5369
6370,t5370
6371,t5371
6372,t5372
6373,t5373
6374,t5374
6375,t5375
6376,t5376
6377,t5377
6378,t5378
6379,t5379
6380,t5380
6381,t5381
6382,t5382
6383,t5383
6384,t5384
6385,t5385
6386,t5386
6387,t5387
6388,t5388
6389,t5389
6390,t5390
6391,t5391
6392,t5392
6393,t5393
6394,t5394
6395,t5395
6396,t5396
6397,t5397
6398,t5398
6399,t5399
6400,t5400
6401,t5401
6402,t5402
6403,t5403
6404,t5404
6405,t5405
6406,t5406
6407,t5407
6408,t5408
6409,t5409
6410,t5410
6411,t5411
6412,t5412
6413,t5413
6414,t5414
6415,t5415
6416,t5416
6417,t5417
6418,t5418
6419,t5419
6420,t5420
6421,t5421
6422,t5422
6423,t5423
6424,t5424
6425,t5425
6426,t5426
6427,t5427
6428,t5428
6429,t5429
6430,t5430
6431,t5431
6432,t5432
6433,t5433
6434,t5434
6435,t5435
6436,t5436
6437,t5437
6438,t5438
6439,t5439
6440,t5440
6441,t5441
6442,t5442
6443,t5443
6444,t5444
6445,t5445
6446,t5446
6447,t5447
6448,t5448
6449,t5449
6450,t5450
6451,t5451
6452,t5452
6453,t5453
6454,t5454
6455,t5455
6456,t5456
6457,t5457
6458,t5458
6459,t5459
6460,t5460
6461,t5461
6462,t5462
6463,t5463
6464,t5464
6465,t5465
6466,t5466
6467,t5467
6468,t5468
6469,t5469
6470,t5470
6471,t5471
6472,t5472
6473,t5473
6474,t5474
6475,t5475
6476,t5476
6477,t5477
6478,t5478
6479,t5479
6480,t5480
6481,t5481
6482,t5482
6483,t5483
6484,t5484
6485,t5485
6486,t5486
6487,t5487
6488,t5488
6489,t5489
6490,t5490
6491,t5491
6492,t5492
6493,t5493
6494,t5494
6495,t5495
6496,t5496
6497,t5497
6498,t5498
6499,t5499
6500,t5500
6501,t5501
6502,t5502
6503,t5503
6504,t5504
6505,t5505
6506,t5506
6507,t5507
6508,t5508
6509,t5509
6510,t5510
6511,t5511
6512,t5512
6513,t5513
6514,t5514
6515,t5515
6516,t5516
6517,t5517
6518,t5518
6519,t5519
6520,t5520
6521,t5521
6522,t5522
6523,t5523
6524,t5524
6525,t5525
6526,t5526
6527,t5527
6528,t5528
6529,t5529
6530,t5530
6531,t5531
6532,t5532
6533,t5533
6534,t5534
6535,t5535
6536,t5536
6537,t5537
6538,t5538
6539,t5539
6540,t5540
6541,t5541
6542,t5542
6543,t5543
6544,t5544
6545,t5545
6546,t5546
6547,t5547
6548,t5548
6549,t5549
6550,t5550
6551,t5551
6552,t5552
6553,t5553
6554,t5554
6555,t5555
6556,t5556
6557,t5557
6558,t5558
6559,t5559
6560,t5560
6561,t5561
6562,t5562
6563,t5563
6564,t5564
6565,t5565
6566,t5566
6567,t5567
6568,t5568
6569,t5569
6570,t5570
6571,t5571
6572,t5572
6573,t5573
6574,t5574
6575,t5575
6576,t5576
6577,t5577
6578,t5578
6579,t5579
6580,t5580
6581,t5581
6582,t5582
6583,t5583
6584,t5584
6585,t5585
6586,t5586
6587,t5587
6588,t5588
6589,t5589
6590,t5590
6591,t5591
6592,t5592
6593,t5593
6594,t5594
6595,t5595
6596,t5596
6597,t5597
6598,t5598
6599,t5599
6600,t5600
6601,t5601
6602,t5602
6603,t5603
6604,t5604
6605,t5605
6606,t5606
6607,t5607
6608,t5608
6609,t5609
6610,t5610
6611,t5611
6612,t5612
6613,t5613
6614,t5614
6615,t5615
6616,t5616
6617,t5617
6618,t5618
6619,t5619
6620,t5620
6621,t5621
6622,t5622
6623,t5623
6624,t5624
6625,t5625
6626,t5626
6627,t5627
6628,t5628
6629,t5629
6630,t5630
6631,t5631
6632,t5632
6633,t5633
6634,t5634
6635,t5635
6636,t5636
6637,t5637
6638,t5638
6639,t5639
6640,t5640
6641,t5641
6642,t5642
6643,t5643
6644,t5644
6645,t5645
6646,t5646
6647,t5647
6648,t5648
6649,t5649
6650,t5650
6651,t5651
6652,t5652
6653,t5653
6654,t5654
6655,t5655
6656,t5656
6657,t5657
6658,t5658
6659,t5659
6660,t5660
6661,t5661
6662,t5662
6663,t5663
6664,t5664
6665,t5665
6666,t5666
6667,t5667
6668,t5668
6669,t5669
6670,t5670
6671,t5671
6672,t5672
6673,t5673
6674,t5674
6675,t5675
6676,t5676
6677,t5677
6678,t5678
6679,t5679
6680,t5680
6681,t5681
6682,t5682
6683,t5683
6684,t5684
6685,t5685
6686,t5686
6687,t5687
6688,t5688
6689,t5689
6690,t5690
6691,t5691
6692,t5692
6693,t5693
6694,t5694
6695,t5695
6696,t5696
6697,t5697
6698,t5698
6699,t5699
6700,t5700
6701,t5701
6702,t5702
6703,t5703
6704,t5704
6705,t5705
6706,t5706
6707,t5707
6708,t5708
6709,t5709
6710,t5710
6711,t5711
6712,t5712
6713,t5713
6714,t5714
6715,t5715
6716,t5716
6717,t5717
6718,t5718
6719,t5719
6720,t5720
6721,t5721
6722,t5722
6723,t5723
6724,t5724
6725,t5725
6726,t5726
6727,t5727
6728,t5728
6729,t5729
6730,t5730
6731,t5731
6732,t5732
6733,t5733
6734,t5734
6735,t5735
6736,t5736
6737,t5737
6738,t5738
6739,t5739
6740,t5740
6741,t5741
6742,t5742
6743,t5743
6744,t5744
6745,t5745
6746,t5746
6747,t5747
6748,t5748
6749,t5749
6750,t5750
6751,t5751
6752,t5752
6753,t5753
6754,t5754
6755,t5755
6756,t5756
6757,t5757
6758,t5758
6759,t5759
6760,t5760
6761,t5761
6762,t5762
6763,t5763
6764,t5764
6765,t5765
6766,t5766
6767,t5767
6768,t5768
6769,t5769
6770,t5770
6771,t5771
6772,t5772
6773,t5773
6774,t5774
6775,t5775
6776,t5776
6777,t5777
6778,t5778
6779,t5779
6780,t5780
6781,t5781
6782,t5782
6783,t5783
6784,t5784
6785,t5785
6786,t5786
6787,t5787
6788,t5788
6789,t5789
6790,t5790
6791,t5791
6792,t5792
6793,t5793
6794,t5794
6795,t5795
6796,t5796
6797,t5797
6798,t5798
6799,t5799
6800,t5800
6801,t5801
6802,t5802
6803,t5803
6804,t5804
6805,t5805
6806,t5806
6807,t5807
6808,t5808
6809,t5809
6810,t5810
6811,t5811
6812,t5812
6813,t5813
6814,t5814
6815,t5815
6816,t5816
6817,t5817
6818,t5818
6819,t5819
6820,t5820
6821,t5821
6822,t5822
6823,t5823
6824,t5824
6825,t5825
6826,t5826
6827,t5827
6828,t5828
6829,t5829
6830,t5830
6831,t5831
6832,t5832
6833,t5833
6834,t5834
6835,t5835
6836,t5836
6837,t5837
6838,t5838
6839,t5839
6840,t5840
6841,t5841
6842,t5842
6843,t5843
6844,t5844
6845,t5845
6846,t5846
6847,t5847
6848,t5848
6849,t5849
6850,t5850
6851,t5851
6852,t5852
6853,t5853
6854,t5854
6855,t5855
6856,t5856
6857,t5857
6858,t5858
6859,t5859
6860,t5860
6861,t5861
6862,t5862
6863,t5863
6864,t5864
6865,t5865
6866,t5866
6867,t5867
6868,t5868
6869,t5869
6870,t5870
6871,t5871
6872,t5872
6873,t5873
6874,t5874
6875,t5875
6876,t5876
6877,t5877
6878,t5878
6879,t5879
6880,t5880
6881,t5881
6882,t5882
6883,t5883
6884,t5884
6885,t5885
6886,t5886
6887,t5887
6888,t5888
6889,t5889
6890,t5890
6891,t5891
6892,t5892
6893,t5893
6894,t5894
6895,t5895
6896,t5896
6897,t5897
6898,t5898
6899,t5899
6900,t5900
6901,t5901
6902,t5902
6903,t5903
6904,t5904
6905,t5905
6906,t5906
6907,t5907
6908,t5908
6909,t5909
6910,t5910
6911,t5911
6912,t5912
6913,t5913
6914,t5914
6915,t5915
6916,t5916
6917,t5917
6918,t5918
6919,t5919
6920,t5920
6921,t5921
6922,t5922
6923,t5923
6924,t5924
6925,t5925
6926,t5926
6927,t5927
6928,t5928
6929,t5929
6930,t5930
6931,t5931
6932,t5932
6933,t5933
6934,t5934
6935,t5935
6936,t5936
6937,t5937
6938,t5938
6939,t5939
6940,t5940
6941,t5941
6942,t5942
6943,t5943
6944,t5944
6945,t5945
6946,t5946
6947,t5947
6948,t5948
6949,t5949
6950,t5950
6951,t5951
6952,t5952
6953,t5953
6954,t5954
6955,t5955
6956,t5956
6957,t5957
6958,t5958
6959,t5959
6960,t5960
6961,t5961
6962,t5962
6963,t5963
6964,t5964
6965,t5965
6966,t5966
6967,t5967
6968,t5968
6969,t5969
6970,t5970
6971,t5971
6972,t5972
6973,t5973
6974,t5974
6975,t5975
6976,t5976
6977,t5977
6978,t5978
6979,t5979
6980,t5980
6981,t5981
6982,t5982
6983,t5983
6984,t5984
6985,t5985
6986,t5986
6987,t5987
6988,t5988
6989,t5989
6990,t5990
6991,t5991
6992,t5992
6993,t5993
6994,t5994
6995,t5995
6996,t5996
6997,t5997
6998,t5998
6999,t5999
7000,t6000
7001,t6001
7002,t6002
7003,t6003
7004,t6004
7005,t6005
7006,t6006
7007,t6007
7008,t6008
7009,t6009
7010,t6010
7011,t6011
7012,t6012
7013,t6013
7014,t6014
7015,t6015
7016,t6016
7017,t6017
7018,t6018
7019,t6019
7020,t6020
7021,t6021
7022,t6022
7023,t6023
7024,t6024
7025,t6025
7026,t6026
7027,t6027
7028,t6028
7029,t6029
7030,t6030
7031,t6031
7032,t6032
7033,t6033
7034,t6034
7035,t6035
7036,t6036
7037,t6037
7038,t6038
7039,t6039
7040,t6040
7041,t6041
7042,t6042
7043,t6043
7044,t6044
7045,t6045
7046,t6046
7047,t6047
7048,t6048
7049,t6049
7050,t6050
7051,t6051
7052,t6052
7053,t6053
7054,t6054
7055,t6055
7056,t6056
7057,t6057
7058,t6058
7059,t6059
7060,t6060
7061,t6061
7062,t6062
7063,t6063
7064,t6064
7065,t6065
7066,t6066
7067,t6067
7068,t6068
7069,t6069
7070,t6070
7071,t6071
7072,t6072
7073,t6073
7074,t6074
7075,t6075
7076,t6076
7077,t6077
7078,t6078
7079,t6079
7080,t6080
7081,t6081
7082,t6082
7083,t6083
7084,t6084
7085,t6085
7086,t6086
7087,t6087
7088,t6088
7089,t6089
7090,t6090
7091,t6091
7092,t6092
7093,t6093
7094,t6094
7095,t6095
7096,t6096
7097,t6097
7098,t6098
7099,t6099
7100,t6100
7101,t6101
7102,t6102
7103,t6103
7104,t6104
7105,t6105
7106,t6106
7107,t6107
7108,t6108
7109,t6109
7110,t6110
7111,t6111
7112,t6112
7113,t6113
7114,t6114
7115,t6115
7116,t6116
7117,t6117
7118,t6118
7119,t6119
7120,t6120
7121,t6121
7122,t6122
7123,t6123
7124,t6124
7125,t6125
7126,t6126
7127,t6127
7128,t6128
7129,t6129
7130,t6130
7131,t6131
7132,t6132
7133,t6133
7134,t6134
7135,t6135
7136,t6136
7137,t6137
7138,t6138
7139,t6139
7140,t6140
7141,t6141
7142,t6142
7143,t6143
7144,t6144
7145,t6145
7146,t6146
7147,t6147
7148,t6148
7149,t6149
7150,t6150
7151,t6151
7152,t6152
7153,t6153
7154,t6154
7155,t6155
7156,t6156
7157,t6157
7158,t6158
7159,t6159
7160,t6160
7161,t6161
7162,t6162
7163,t6163
7164,t6164
7165,t6165
7166,t6166
7167,t6167
7168,t6168
7169,t6169
7170,t6170
7171,t6171
7172,t6172
7173,t6173
7174,t6174
7175,t6175
7176,t6176
7177,t6177
7178,t6178
7179,t6179
7180,t6180
7181,t6181
7182,t6182
7183,t6183
7184,t6184
7185,t6185
7186,t6186
7187,t6187
7188,t6188
7189,t6189
7190,t6190
7191,t6191
7192,t6192
7193,t6193
7194,t6194
7195,t6195
7196,t6196
7197,t6197
7198,t6198
7199,t6199
7200,t6200
7201,t6201
7202,t6202
7203,t6203
7204,t6204
7205,t6205
7206,t6206
7207,t6207
7208,t6208
7209,t6209
7210,t6210
7211,t6211
7212,t6212
7213,t6213
7214,t6214
7215,t6215
7216,t6216
7217,t6217
7218,t6218
7219,t6219
7220,t6220
7221,t6221
7222,t6222
7223,t6223
7224,t6224
7225,t6225
7226,t6226
7227,t6227
7228,t6228
7229,t6229
7230,t6230
7231,t6231
7232,t6232
7233,t6233
7234,t6234
7235,t6235
7236,t6236
7237,t6237
7238,t6238
7239,t6239
7240,t6240
7241,t6241
7242,t6242
7243,t6243
7244,t6244
7245,t6245
7246,t6246
7247,t6247
7248,t6248
7249,t6249
7250,t6250
7251,t6251
7252,t6252
7253,t6253
7254,t6254
7255,t6255
7256,t6256
7257,t6257
7258,t6258
7259,t6259
7260,t6260
7261,t6261
7262,t6262
7263,t6263
7264,t6264
7265,t6265
7266,t6266
7267,t6267
7268,t6268
7269,t6269
7270,t6270
7271,t6271
7272,t6272
7273,t6273
7274,t6274
7275,t6275
7276,t6276
7277,t6277
7278,t6278
7279,t6279
7280,t6280
7281,t6281
7282,t6282
7283,t6283
7284,t6284
7285,t6285
7286,t6286
7287,t6287
7288,t6288
7289,t6289
7290,t6290
7291,t6291
7292,t6292
7293,t6293
7294,t6294
7295,t6295
7296,t6296
7297,t6297
7298,t6298
7299,t6299
7300,t6300
7301,t6301
7302,t6302
7303,t6303
7304,t6304
7305,t6305
7306,t6306
7307,t6307
7308,t6308
7309,t6309
7310,t6310
7311,t6311
7312,t6312
7313,t6313
7314,t6314
7315,t6315
7316,t6316
7317,t6317
7318,t6318
7319,t6319
7320,t6320
7321,t6321
7322,t6322
7323,t6323
7324,t6324
7325,t6325
7326,t6326
7327,t6327
7328,t6328
7329,t6329
7330,t6330
7331,t6331
7332,t6332
7333,t6333
7334,t6334
7335,t6335
7336,t6336
7337,t6337
7338,t6338
7339,t6339
7340,t6340
7341,t6341
7342,t6342
7343,t6343
7344,t6344
7345,t6345
7346,t6346
7347,t6347
7348,t6348
7349,t6349
7350,t6350
7351,t6351
7352,t6352
7353,t6353
7354,t6354
7355,t6355
7356,t6356
7357,t6357
7358,t6358
7359,t6359
7360,t6360
7361,t6361
7362,t6362
7363,t6363
7364,t6364
7365,t6365
7366,t6366
7367,t6367
7368,t6368
7369,t6369
7370,t6370
7371,t6371
7372,t6372
7373,t6373
7374,t6374
7375,t6375
7376,t6376
7377,t6377
7378,t6378
7379,t6379
7380,t6380
7381,t6381
7382,t6382
7383,t6383
7384,t6384
7385,t6385
7386,t6386
7387,t6387
7388,t6388
7389,t6389
7390,t6390
7391,t6391
7392,t6392
7393,t6393
7394,t6394
7395,t6395
7396,t6396
7397,t6397
7398,t6398
7399,t6399
7400,t6400
7401,t6401
7402,t6402
7403,t6403
7404,t6404
7405,t6405
7406,t6406
7407,t6407
7408,t6408
7409,t6409
7410,t6410
7411,t6411
7412,t6412
7413,t6413
7414,t6414
7415,t6415
7416,t6416
7417,t6417
7418,t6418
7419,t6419
7420,t6420
7421,t6421
7422,t6422
7423,t6423
7424,t6424
7425,t6425
7426,t6426
7427,t6427
7428,t6428
7429,t6429
7430,t6430
7431,t6431
7432,t6432
7433,t6433
7434,t6434
7435,t6435
7436,t6436
7437,t6437
7438,t6438
7439,t6439
7440,t6440
7441,t6441
7442,t6442
7443,t6443
7444,t6444
7445,t6445
7446,t6446
7447,t6447
7448,t6448
7449,t6449
7450,t6450
7451,t6451
7452,t6452
7453,t6453
7454,t6454
7455,t6455
7456,t6456
7457,t6457
7458,t6458
7459,t6459
7460,t6460
7461,t6461
7462,t6462
7463,t6463
7464,t6464
7465,t6465
7466,t6466
7467,t6467
7468,t6468
7469,t6469
7470,t6470
7471,t6471
7472,t6472
7473,t6473
7474,t6474
7475,t6475
7476,t6476
7477,t6477
7478,t6478
7479,t6479
7480,t6480
7481,t6481
7482,t6482
7483,t6483
7484,t6484
7485,t6485
7486,t6486
7487,t6487
7488,t6488
7489,t6489
7490,t6490
7491,t6491
7492,t6492
7493,t6493
7494,t6494
7495,t6495
7496,t6496
7497,t6497
7498,t6498
7499,t6499
7500,t6500
7501,t6501
7502,t6502
7503,t6503
7504,t6504
7505,t6505
7506,t6506
7507,t6507
7508,t6508
7509,t6509
7510,t6510
7511,t6511
7512,t6512
7513,t6513
7514,t6514
7515,t6515
7516,t6516
7517,t6517
7518,t6518
7519,t6519
7520,t6520
7521,t6521
7522,t6522
7523,t6523
7524,t6524
7525,t6525
7526,t6526
7527,t6527
7528,t6528
7529,t6529
7530,t6530
7531,t6531
7532,t6532
7533,t6533
7534,t6534
7535,t6535
7536,t6536
7537,t6537
7538,t6538
7539,t6539
7540,t6540
7541,t6541
7542,t6542
7543,t6543
7544,t6544
7545,t6545
7546,t6546
7547,t6547
7548,t6548
7549,t6549
7550,t6550
7551,t6551
7552,t6552
7553,t6553
7554,t6554
7555,t6555
7556,t6556
7557,t6557
7558,t6558
7559,t6559
7560,t6560
7561,t6561
7562,t6562
7563,t6563
7564,t6564
7565,t6565
7566,t6566
7567,t6567
7568,t6568
7569,t6569
7570,t6570
7571,t6571
7572,t6572
7573,t6573
7574,t6574
7575,t6575
7576,t6576
7577,t6577
7578,t6578
7579,t6579
7580,t6580
7581,t6581
7582,t6582
7583,t6583
7584,t6584
7585,t6585
7586,t6586
7587,t6587
7588,t6588
7589,t6589
7590,t6590
7591,t6591
7592,t6592
7593,t6593
7594,t6594
7595,t6595
7596,t6596
7597,t6597
7598,t6598
7599,t6599
7600,t6600
7601,t6601
7602,t6602
7603,t6603
7604,t6604
7605,t6605
7606,t6606
7607,t6607
7608,t6608
7609,t6609
7610,t6610
7611,t6611
7612,t6612
7613,t6613
7614,t6614
7615,t6615
7616,t6616
7617,t6617
7618,t6618
7619,t6619
7620,t6620
7621,t6621
7622,t6622
7623,t6623
7624,t6624
7625,t6625
7626,t6626
7627,t6627
7628,t6628
7629,t6629
7630,t6630
7631,t6631
7632,t6632
7633,t6633
7634,t6634
7635,t6635
7636,t6636
7637,t6637
7638,t6638
7639,t6639
7640,t6640
7641,t6641
7642,t6642
7643,t6643
7644,t6644
7645,t6645
7646,t6646
7647,t6647
7648,t6648
7649,t6649
7650,t6650
7651,t6651
7652,t6652
7653,t6653
7654,t6654
7655,t6655
7656,t6656
7657,t6657
7658,t6658
7659,t6659
7660,t6660
7661,t6661
7662,t6662
7663,t6663
7664,t6664
7665,t6665
7666,t6666
7667,t6667
7668,t6668
7669,t6669
7670,t6670
7671,t6671
7672,t6672
7673,t6673
7674,t6674
7675,t6675
7676,t6676
7677,t6677
7678,t6678
7679,t6679
7680,t6680
7681,t6681
7682,t6682
7683,t6683
7684,t6684
7685,t6685
7686,t6686
7687,t6687
7688,t6688
7689,t6689
7690,t6690
7691,t6691
7692,t6692
7693,t6693
7694,t6694
7695,t6695
7696,t6696
7697,t6697
7698,t6698
7699,t6699
7700,t6700
7701,t6701
7702,t6702
7703,t6703
7704,t6704
7705,t6705
7706,t6706
7707,t6707
7708,t6708
7709,t6709
7710,t6710
7711,t6711
7712,t6712
7713,t6713
7714,t6714
7715,t6715
7716,t6716
7717,t6717
7718,t6718
7719,t6719
7720,t6720
7721,t6721
7722,t6722
7723,t6723
7724,t6724
7725,t6725
7726,t6726
7727,t6727
7728,t6728
7729,t6729
7730,t6730
7731,t6731
7732,t6732
7733,t6733
7734,t6734
7735,t6735
7736,t6736
7737,t6737
7738,t6738
7739,t6739
7740,t6740
7741,t6741
7742,t6742
7743,t6743
7744,t6744
7745,t6745
7746,t6746
7747,t6747
7748,t6748
7749,t6749
7750,t6750
7751,t6751
7752,t6752
7753,t6753
7754,t6754
7755,t6755
7756,t6756
7757,t6757
7758,t6758
7759,t6759
7760,t6760
7761,t6761
7762,t6762
7763,t6763
7764,t6764
7765,t6765
7766,t6766
7767,t6767
7768,t6768
7769,t6769
7770,t6770
7771,t6771
7772,t6772
7773,t6773
7774,t6774
7775,t6775
7776,t6776
7777,t6777
7778,t6778
7779,t6779
7780,t6780
7781,t6781
7782,t6782
7783,t6783
7784,t6784
7785,t6785
7786,t6786
7787,t6787
7788,t6788
7789,t6789
7790,t6790
7791,t6791
7792,t6792
7793,t6793
7794,t6794
7795,t6795
7796,t6796
7797,t6797
7798,t6798
7799,t6799
7800,t6800
7801,t6801
7802,t6802
7803,t6803
7804,t6804
7805,t6805
7806,t6806
7807,t6807
7808,t6808
7809,t6809
7810,t6810
7811,t6811
7812,t6812
7813,t6813
7814,t6814
7815,t6815
7816,t6816
7817,t6817
7818,t6818
7819,t6819
7820,t6820
7821,t6821
7822,t6822
7823,t6823
7824,t6824
7825,t6825
7826,t6826
7827,t6827
7828,t6828
7829,t6829
7830,t6830
7831,t6831
7832,t6832
7833,t6833
7834,t6834
7835,t6835
7836,t6836
7837,t6837
7838,t6838
7839,t6839
7840,t6840
7841,t6841
7842,t6842
7843,t6843
7844,t6844
7845,t6845
7846,t6846
7847,t6847
7848,t6848
7849,t6849
7850,t6850
7851,t6851
7852,t6852
7853,t6853
7854,t6854
7855,t6855
7856,t6856
7857,t6857
7858,t6858
7859,t6859
7860,t6860
7861,t6861
7862,t6862
7863,t6863
7864,t6864
7865,t6865
7866,t6866
7867,t6867
7868,t6868
7869,t6869
7870,t6870
7871,t6871
7872,t6872
7873,t6873
7874,t6874
7875,t6875
7876,t6876
7877,t6877
7878,t6878
7879,t6879
7880,t6880
7881,t6881
7882,t6882
7883,t6883
7884,t6884
7885,t6885
7886,t6886
7887,t6887
7888,t6888
7889,t6889
7890,t6890
7891,t6891
7892,t6892
7893,t6893
7894,t6894
7895,t6895
7896,t6896
7897,t6897
7898,t6898
7899,t6899
7900,t6900
7901,t6901
7902,t6902
7903,t6903
7904,t6904
7905,t6905
7906,t6906
7907,t6907
7908,t6908
7909,t6909
7910,t6910
7911,t6911
7912,t6912
7913,t6913
7914,t6914
7915,t6915
7916,t6916
7917,t6917
7918,t6918
7919,t6919
7920,t6920
7921,t6921
7922,t6922
7923,t6923
7924,t6924
7925,t6925
7926,t6926
7927,t6927
7928,t6928
7929,t6929
7930,t6930
7931,t6931
7932,t6932
7933,t6933
7934,t6934
7935,t6935
7936,t6936
7937,t6937
7938,t6938
7939,t6939
7940,t6940
7941,t6941
7942,t6942
7943,t6943
7944,t6944
7945,t6945
7946,t6946
7947,t6947
7948,t6948
7949,t6949
7950,t6950
7951,t6951
7952,t6952
7953,t6953
7954,t6954
7955,t6955
7956,t6956
7957,t6957
7958,t6958
7959,t6959
7960,t6960
7961,t6961
7962,t6962
7963,t6963
7964,t6964
7965,t6965
7966,t6966
7967,t6967
7968,t6968
7969,t6969
7970,t6970
7971,t6971
7972,t6972
7973,t6973
7974,t6974
7975,t6975
7976,t6976
7977,t6977
7978,t6978
7979,t6979
7980,t6980
7981,t6981
7982,t6982
7983,t6983
7984,t6984
7985,t6985
7986,t6986
7987,t6987
7988,t6988
7989,t6989
7990,t6990
7991,t6991
7992,t6992
7993,t6993
7994,t6994
7995,t6995
7996,t6996
7997,t6997
7998,t6998
7999,t6999
8000,t7000
8001,t7001
8002,t7002
8003,t7003
8004,t7004
8005,t7005
8006,t7006
8007,t7007
8008,t7008
8009,t7009
8010,t7010
8011,t7011
8012,t7012
8013,t7013
8014,t7014
8015,t7015
8016,t7016
8017,t7017
8018,t7018
8019,t7019
8020,t7020
8021,t7021
8022,t7022
8023,t7023
8024,t7024
8025,t7025
8026,t7026
8027,t7027
8028,t7028
8029,t7029
8030,t7030
8031,t7031
8032,t7032
8033,t7033
8034,t7034
8035,t7035
8036,t7036
8037,t7037
8038,t7038
8039,t7039
8040,t7040
8041,t7041
8042,t7042
8043,t7043
8044,t7044
8045,t7045
8046,t7046
8047,t7047
8048,t7048
8049,t7049
8050,t7050
8051,t7051
8052,t7052
8053,t7053
8054,t7054
8055,t7055
8056,t7056
8057,t7057
8058,t7058
8059,t7059
8060,t7060
8061,t7061
8062,t7062
8063,t7063
8064,t7064
8065,t7065
8066,t7066
8067,t7067
8068,t7068
8069,t7069
8070,t7070
8071,t7071
8072,t7072
8073,t7073
8074,t7074
8075,t7075
8076,t7076
8077,t7077
8078,t7078
8079,t7079
8080,t7080
8081,t7081
8082,t7082
8083,t7083
8084,t7084
8085,t7085
8086,t7086
8087,t7087
8088,t7088
8089,t7089
8090,t7090
8091,t7091
8092,t7092
8093,t7093
8094,t7094
8095,t7095
8096,t7096
8097,t7097
8098,t7098
8099,t7099
8100,t7100
8101,t7101
8102,t7102
8103,t7103
8104,t7104
8105,t7105
8106,t7106
8107,t7107
8108,t7108
8109,t7109
8110,t7110
8111,t7111
8112,t7112
8113,t7113
8114,t7114
8115,t7115
8116,t7116
8117,t7117
8118,t7118
8119,t7119
8120,t7120
8121,t7121
8122,t7122
8123,t7123
8124,t7124
8125,t7125
8126,t7126
8127,t7127
8128,t7128
8129,t7129
8130,t7130
8131,t7131
8132,t7132
8133,t7133
8134,t7134
8135,t7135
8136,t7136
8137,t7137
8138,t7138
8139,t7139
8140,t7140
8141,t7141
8142,t7142
8143,t7143
8144,t7144
8145,t7145
8146,t7146
8147,t7147
8148,t7148
8149,t7149
8150,t7150
8151,t7151
8152,t7152
8153,t7153
8154,t7154
8155,t7155
8156,t7156
8157,t7157
8158,t7158
8159,t7159
8160,t7160
8161,t7161
8162,t7162
8163,t7163
8164,t7164
8165,t7165
8166,t7166
8167,t7167
8168,t7168
8169,t7169
8170,t7170
8171,t7171
8172,t7172
8173,t7173
8174,t7174
8175,t7175
8176,t7176
8177,t7177
8178,t7178
8179,t7179
8180,t7180
8181,t7181
8182,t7182
8183,t7183
8184,t7184
8185,t7185
8186,t7186
8187,t7187
8188,t7188
8189,t7189
8190,t7190
8191,t7191
8192,t7192
8193,t7193
8194,t7194
8195,t7195
8196,t7196
8197,t7197
8198,t7198
8199,t7199
8200,t7200
8201,t7201
8202,t7202
8203,t7203
8204,t7204
8205,t7205
8206,t7206
8207,t7207
8208,t7208
8209,t7209
8210,t7210
8211,t7211
8212,t7212
8213,t7213
8214,t7214
8215,t7215
8216,t7216
8217,t7217
8218,t7218
8219,t7219
8220,t7220
8221,t7221
8222,t7222
8223,t7223
8224,t7224
8225,t7225
8226,t7226
8227,t7227
8228,t7228
8229,t7229
8230,t7230
8231,t7231
8232,t7232
8233,t7233
8234,t7234
8235,t7235
8236,t7236
8237,t7237
8238,t7238
8239,t7239
8240,t7240
8241,t7241
8242,t7242
8243,t7243
8244,t7244
8245,t7245
8246,t7246
8247,t7247
8248,t7248
8249,t7249
8250,t7250
8251,t7251
8252,t7252
8253,t7253
8254,t7254
8255,t7255
8256,t7256
8257,t7257
8258,t7258
8259,t7259
8260,t7260
8261,t7261
8262,t7262
8263,t7263
8264,t7264
8265,t7265
8266,t7266
8267,t7267
8268,t7268
8269,t7269
8270,t7270
8271,t7271
8272,t7272
8273,t7273
8274,t7274
8275,t7275
8276,t7276
8277,t7277
8278,t7278
8279,t7279
8280,t7280
8281,t7281
8282,t7282
8283,t7283
8284,t7284
8285,t7285
8286,t7286
8287,t7287
8288,t7288
8289,t7289
8290,t7290
8291,t7291
8292,t7292
8293,t7293
8294,t7294
8295,t7295
8296,t7296
8297,t7297
8298,t7298
8299,t7299
8300,t7300
8301,t7301
8302,t7302
8303,t7303
8304,t7304
8305,t7305
8306,t7306
8307,t7307
8308,t7308
8309,t7309
8310,t7310
8311,t7311
8312,t7312
8313,t7313
8314,t7314
8315,t7315
8316,t7316
8317,t7317
8318,t7318
8319,t7319
8320,t7320
8321,t7321
8322,t7322
8323,t7323
8324,t7324
8325,t7325
8326,t7326
8327,t7327
8328,t7328
8329,t7329
8330,t7330
8331,t7331
8332,t7332
8333,t7333
8334,t7334
8335,t7335
8336,t7336
8337,t7337
8338,t7338
8339,t7339
8340,t7340
8341,t7341
8342,t7342
8343,t7343
8344,t7344
8345,t7345
8346,t7346
8347,t7347
8348,t7348
8349,t7349
8350,t7350
8351,t7351
8352,t7352
8353,t7353
8354,t7354
8355,t7355
8356,t7356
8357,t7357
8358,t7358
8359,t7359
8360,t7360
8361,t7361
8362,t7362
8363,t7363
8364,t7364
8365,t7365
8366,t7366
8367,t7367
8368,t7368
8369,t7369
8370,t7370
8371,t7371
8372,t7372
8373,t7373
8374,t7374
8375,t7375
8376,t7376
8377,t7377
8378,t7378
8379,t7379
8380,t7380
8381,t7381
8382,t7382
8383,t7383
8384,t7384
8385,t7385
8386,t7386
8387,t7387
8388,t7388
8389,t7389
8390,t7390
8391,t7391
8392,t7392
8393,t7393
8394,t7394
8395,t7395
8396,t7396
8397,t7397
8398,t7398
8399,t7399
8400,t7400
8401,t7401
8402,t7402
8403,t7403
8404,t7404
8405,t7405
8406,t7406
8407,t7407
8408,t7408
8409,t7409
8410,t7410
8411,t7411
8412,t7412
8413,t7413
8414,t7414
8415,t7415
8416,t7416
8417,t7417
8418,t7418
8419,t7419
8420,t7420
8421,t7421
8422,t7422
8423,t7423
8424,t7424
8425,t7425
8426,t7426
8427,t7427
8428,t7428
8429,t7429
8430,t7430
8431,t7431
8432,t7432
8433,t7433
8434,t7434
8435,t7435
8436,t7436
8437,t7437
8438,t7438
8439,t7439
8440,t7440
8441,t7441
8442,t7442
8443,t7443
8444,t7444
8445,t7445
8446,t7446
8447,t7447
8448,t7448
8449,t7449
8450,t7450
8451,t7451
8452,t7452
8453,t7453
8454,t7454
8455,t7455
8456,t7456
8457,t7457
8458,t7458
8459,t7459
8460,t7460
8461,t7461
8462,t7462
8463,t7463
8464,t7464
8465,t7465
8466,t7466
8467,t7467
8468,t7468
8469,t7469
8470,t7470
8471,t7471
8472,t7472
8473,t7473
8474,t7474
8475,t7475
8476,t7476
8477,t7477
8478,t7478
8479,t7479
8480,t7480
8481,t7481
8482,t7482
8483,t7483
8484,t7484
8485,t7485
8486,t7486
8487,t7487
8488,t7488
8489,t7489
8490,t7490
8491,t7491
8492,t7492
8493,t7493
8494,t7494
8495,t7495
8496,t7496
8497,t7497
8498,t7498
8499,t7499
8500,t7500
8501,t7501
8502,t7502
8503,t7503
8504,t7504
8505,t7505
8506,t7506
8507,t7507
8508,t7508
8509,t7509
8510,t7510
8511,t7511
8512,t7512
8513,t7513
8514,t7514
8515,t7515
8516,t7516
8517,t7517
8518,t7518
8519,t7519
8520,t7520
8521,t7521
8522,t7522
8523,t7523
8524,t7524
8525,t7525
8526,t7526
8527,t7527
8528,t7528
8529,t7529
8530,t7530
8531,t7531
8532,t7532
8533,t7533
8534,t7534
8535,t7535
8536,t7536
8537,t7537
8538,t7538
8539,t7539
8540,t7540
8541,t7541
8542,t7542
8543,t7543
8544,t7544
8545,t7545
8546,t7546
8547,t7547
8548,t7548
8549,t7549
8550,t7550
8551,t7551
8552,t7552
8553,t7553
8554,t7554
8555,t7555
8556,t7556
8557,t7557
8558,t7558
8559,t7559
8560,t7560
8561,t7561
8562,t7562
8563,t7563
8564,t7564
8565,t7565
8566,t7566
8567,t7567
8568,t7568
8569,t7569
8570,t7570
8571,t7571
8572,t7572
8573,t7573
8574,t7574
8575,t7575
8576,t7576
8577,t7577
8578,t7578
8579,t7579
8580,t7580
8581,t7581
8582,t7582
8583,t7583
8584,t7584
8585,t7585
8586,t7586
8587,t7587
8588,t7588
8589,t7589
8590,t7590
8591,t7591
8592,t7592
8593,t7593
8594,t7594
8595,t7595
8596,t7596
8597,t7597
8598,t7598
8599,t7599
8600,t7600
8601,t7601
8602,t7602
8603,t7603
8604,t7604
8605,t7605
8606,t7606
8607,t7607
8608,t7608
8609,t7609
8610,t7610
8611,t7611
8612,t7612
8613,t7613
8614,t7614
8615,t7615
8616,t7616
8617,t7617
8618,t7618
8619,t7619
8620,t7620
8621,t7621
8622,t7622
8623,t7623
8624,t7624
8625,t7625
8626,t7626
8627,t7627
8628,t7628
8629,t7629
8630,t7630
8631,t7631
8632,t7632
8633,t7633
8634,t7634
8635,t7635
8636,t7636
8637,t7637
8638,t7638
8639,t7639
8640,t7640
8641,t7641
8642,t7642
8643,t7643
8644,t7644
8645,t7645
8646,t7646
8647,t7647
8648,t7648
8649,t7649
8650,t7650
8651,t7651
8652,t7652
8653,t7653
8654,t7654
8655,t7655
8656,t7656
8657,t7657
8658,t7658
8659,t7659
8660,t7660
8661,t7661
8662,t7662
8663,t7663
8664,t7664
8665,t7665
8666,t7666
8667,t7667
8668,t7668
8669,t7669
8670,t7670
8671,t7671
8672,t7672
8673,t7673
8674,t7674
8675,t7675
8676,t7676
8677,t7677
8678,t7678
8679,t7679
8680,t7680
8681,t7681
8682,t7682
8683,t7683
8684,t7684
8685,t7685
8686,t7686
8687,t7687
8688,t7688
8689,t7689
8690,t7690
8691,t7691
8692,t7692
8693,t7693
8694,t7694
8695,t7695
8696,t7696
8697,t7697
8698,t7698
8699,t7699
8700,t7700
8701,t7701
8702,t7702
8703,t7703
8704,t7704
8705,t7705
8706,t7706
8707,t7707
8708,t7708
8709,t7709
8710,t7710
8711,t7711
8712,t7712
8713,t7713
8714,t7714
8715,t7715
8716,t7716
8717,t7717
8718,t7718
8719,t7719
8720,t7720
8721,t7721
8722,t7722
8723,t7723
8724,t7724
8725,t7725
8726,t7726
8727,t7727
8728,t7728
8729,t7729
8730,t7730
8731,t7731
8732,t7732
8733,t7733
8734,t7734
8735,t7735
8736,t7736
8737,t7737
8738,t7738
8739,t7739
8740,t7740
8741,t7741
8742,t7742
8743,t7743
8744,t7744
8745,t7745
8746,t7746
8747,t7747
8748,t7748
8749,t7749
8750,t7750
8751,t7751
8752,t7752
8753,t7753
8754,t7754
8755,t7755
8756,t7756
8757,t7757
8758,t7758
8759,t7759
8760,t7760
8761,t7761
8762,t7762
8763,t7763
8764,t7764
8765,t7765
8766,t7766
8767,t7767
8768,t7768
8769,t7769
8770,t7770
8771,t7771
8772,t7772
8773,t7773
8774,t7774
8775,t7775
8776,t7776
8777,t7777
8778,t7778
8779,t7779
8780,t7780
8781,t7781
8782,t7782
8783,t7783
8784,t7784
8785,t7785
8786,t7786
8787,t7787
8788,t7788
8789,t7789
8790,t7790
8791,t7791
8792,t7792
8793,t7793
8794,t7794
8795,t7795
8796,t7796
8797,t7797
8798,t7798
8799,t7799
8800,t7800
8801,t7801
8802,t7802
8803,t7803
8804,t7804
8805,t7805
8806,t7806
8807,t7807
8808,t7808
8809,t7809
8810,t7810
8811,t7811
8812,t7812
8813,t7813
8814,t7814
8815,t7815
8816,t7816
8817,t7817
8818,t7818
8819,t7819
8820,t7820
8821,t7821
8822,t7822
8823,t7823
8824,t7824
8825,t7825
8826,t7826
8827,t7827
8828,t7828
8829,t7829
8830,t7830
8831,t7831
8832,t7832
8833,t7833
8834,t7834
8835,t7835
8836,t7836
8837,t7837
8838,t7838
8839,t7839
8840,t7840
8841,t7841
8842,t7842
8843,t7843
8844,t7844
8845,t7845
8846,t7846
8847,t7847
8848,t7848
8849,t7849
8850,t7850
8851,t7851
8852,t7852
8853,t7853
8854,t7854
8855,t7855
8856,t7856
8857,t7857
8858,t7858
8859,t7859
8860,t7860
8861,t7861
8862,t7862
8863,t7863
8864,t7864
8865,t7865
8866,t7866
8867,t7867
8868,t7868
8869,t7869
8870,t7870
8871,t7871
8872,t7872
8873,t7873
8874,t7874
8875,t7875
8876,t7876
8877,t7877
8878,t7878
8879,t7879
8880,t7880
8881,t7881
8882,t7882
8883,t7883
8884,t7884
8885,t7885
8886,t7886
8887,t7887
8888,t7888
8889,t7889
8890,t7890
8891,t7891
8892,t7892
8893,t7893
8894,t7894
8895,t7895
8896,t7896
8897,t7897
8898,t7898
8899,t7899
8900,t7900
8901,t7901
8902,t7902
8903,t7903
8904,t7904
8905,t7905
8906,t7906
8907,t7907
8908,t7908
8909,t7909
8910,t7910
8911,t7911
8912,t7912
8913,t7913
8914,t7914
8915,t7915
8916,t7916
8917,t7917
8918,t7918
8919,t7919
8920,t7920
8921,t7921
8922,t7922
8923,t7923
8924,t7924
8925,t7925
8926,t7926
8927,t7927
8928,t7928
8929,t7929
8930,t7930
8931,t7931
8932,t7932
8933,t7933
8934,t7934
8935,t7935
8936,t7936
8937,t7937
8938,t7938
8939,t7939
8940,t7940
8941,t7941
8942,t7942
8943,t7943
8944,t7944
8945,t7945
8946,t7946
8947,t7947
8948,t7948
8949,t7949
8950,t7950
8951,t7951
8952,t7952
8953,t7953
8954,t7954
8955,t7955
8956,t7956
8957,t7957
8958,t7958
8959,t7959
8960,t7960
8961,t7961
8962,t7962
8963,t7963
8964,t7964
8965,t7965
8966,t7966
8967,t7967
8968,t7968
8969,t7969
8970,t7970
8971,t7971
8972,t7972
8973,t7973
8974,t7974
8975,t7975
8976,t7976
8977,t7977
8978,t7978
8979,t7979
8980,t7980
8981,t7981
8982,t7982
8983,t7983
8984,t7984
8985,t7985
8986,t7986
8987,t7987
8988,t7988
8989,t7989
8990,t7990
8991,t7991
8992,t7992
8993,t7993
8994,t7994
8995,t7995
8996,t7996
8997,t7997
8998,t7998
8999,t7999
9000,t8000
9001,t8001
9002,t8002
9003,t8003
9004,t8004
9005,t8005
9006,t8006
9007,t8007
9008,t8008
9009,t8009
9010,t8010
9011,t8011
9012,t8012
9013,t8013
9014,t8014
9015,t8015
9016,t8016
9017,t8017
9018,t8018
9019,t8019
9020,t8020
9021,t8021
9022,t8022
9023,t8023
9024,t8024
9025,t8025
9026,t8026
9027,t8027
9028,t8028
9029,t8029
9030,t8030
9031,t8031
9032,t8032
9033,t8033
9034,t8034
9035,t8035
9036,t8036
9037,t8037
9038,t8038
9039,t8039
9040,t8040
9041,t8041
9042,t8042
9043,t8043
9044,t8044
9045,t8045
9046,t8046
9047,t8047
9048,t8048
9049,t8049
9050,t8050
9051,t8051
9052,t8052
9053,t8053
9054,t8054
9055,t8055
9056,t8056
9057,t8057
9058,t8058
9059,t8059
9060,t8060
9061,t8061
9062,t8062
9063,t8063
9064,t8064
9065,t8065
9066,t8066
9067,t8067
9068,t8068
9069,t8069
9070,t8070
9071,t8071
9072,t8072
9073,t8073
9074,t8074
9075,t8075
9076,t8076
9077,t8077
9078,t8078
9079,t8079
9080,t8080
9081,t8081
9082,t8082
9083,t8083
9084,t8084
9085,t8085
9086,t8086
9087,t8087
9088,t8088
9089,t8089
9090,t8090
9091,t8091
9092,t8092
9093,t8093
9094,t8094
9095,t8095
9096,t8096
9097,t8097
9098,t8098
9099,t8099
9100,t8100
9101,t8101
9102,t8102
9103,t8103
9104,t8104
9105,t8105
9106,t8106
9107,t8107
9108,t8108
9109,t8109
9110,t8110
9111,t8111
9112,t8112
9113,t8113
9114,t8114
9115,t8115
9116,t8116
9117,t8117
9118,t8118
9119,t8119
9120,t8120
9121,t8121
9122,t8122
9123,t8123
9124,t8124
9125,t8125
9126,t8126
9127,t8127
9128,t8128
9129,t8129
9130,t8130
9131,t8131
9132,t8132
9133,t8133
9134,t8134
9135,t8135
9136,t8136
9137,t8137
9138,t8138
9139,t8139
9140,t8140
9141,t8141
9142,t8142
9143,t8143
9144,t8144
9145,t8145
9146,t8146
9147,t8147
9148,t8148
9149,t8149
9150,t8150
9151,t8151
9152,t8152
9153,t8153
9154,t8154
9155,t8155
9156,t8156
9157,t8157
9158,t8158
9159,t8159
9160,t8160
9161,t8161
9162,t8162
9163,t8163
9164,t8164
9165,t8165
9166,t8166
9167,t8167
9168,t8168
9169,t8169
9170,t8170
9171,t8171
9172,t8172
9173,t8173
9174,t8174
9175,t8175
9176,t8176
9177,t8177
9178,t8178
9179,t8179
9180,t8180
9181,t8181
9182,t8182
9183,t8183
9184,t8184
9185,t8185
9186,t8186
9187,t8187
9188,t8188
9189,t8189
9190,t8190
9191,t8191
9192,t8192
9193,t8193
9194,t8194
9195,t8195
9196,t8196
9197,t8197
9198,t8198
9199,t8199
9200,t8200
9201,t8201
9202,t8202
9203,t8203
9204,t8204
9205,t8205
9206,t8206
9207,t8207
9208,t8208
9209,t8209
9210,t8210
9211,t8211
9212,t8212
9213,t8213
9214,t8214
9215,t8215
9216,t8216
9217,t8217
9218,t8218
9219,t8219
9220,t8220
9221,t8221
9222,t8222
9223,t8223
9224,t8224
9225,t8225
9226,t8226
9227,t8227
9228,t8228
9229,t8229
9230,t8230
9231,t8231
9232,t8232
9233,t8233
9234,t8234
9235,t8235
9236,t8236
9237,t8237
9238,t8238
9239,t8239
9240,t8240
9241,t8241
9242,t8242
9243,t8243
9244,t8244
9245,t8245
9246,t8246
9247,t8247
9248,t8248
9249,t8249
9250,t8250
9251,t8251
9252,t8252
9253,t8253
9254,t8254
9255,t8255
9256,t8256
9257,t8257
9258,t8258
9259,t8259
9260,t8260
9261,t8261
9262,t8262
9263,t8263
9264,t8264
9265,t8265
9266,t8266
9267,t8267
9268,t8268
9269,t8269
9270,t8270
9271,t8271
9272,t8272
9273,t8273
9274,t8274
9275,t8275
9276,t8276
9277,t8277
9278,t8278
9279,t8279
9280,t8280
9281,t8281
9282,t8282
9283,t8283
9284,t8284
9285,t8285
9286,t8286
9287,t8287
9288,t8288
9289,t8289
9290,t8290
9291,t8291
9292,t8292
9293,t8293
9294,t8294
9295,t8295
9296,t8296
9297,t8297
9298,t8298
9299,t8299
9300,t8300
9301,t8301
9302,t8302
9303,t8303
9304,t8304
9305,t8305
9306,t8306
9307,t8307
9308,t8308
9309,t8309
9310,t8310
9311,t8311
9312,t8312
9313,t8313
9314,t8314
9315,t8315
9316,t8316
9317,t8317
9318,t8318
9319,t8319
9320,t8320
9321,t8321
9322,t8322
9323,t8323
9324,t8324
9325,t8325
9326,t8326
9327,t8327
9328,t8328
9329,t8329
9330,t8330
9331,t8331
9332,t8332
9333,t8333
9334,t8334
9335,t8335
9336,t8336
9337,t8337
9338,t8338
9339,t8339
9340,t8340
9341,t8341
9342,t8342
9343,t8343
9344,t8344
9345,t8345
9346,t8346
9347,t8347
9348,t8348
9349,t8349
9350,t8350
9351,t8351
9352,t8352
9353,t8353
9354,t8354
9355,t8355
9356,t8356
9357,t8357
9358,t8358
9359,t8359
9360,t8360
9361,t8361
9362,t8362
9363,t8363
9364,t8364
9365,t8365
9366,t8366
9367,t8367
9368,t8368
9369,t8369
9370,t8370
9371,t8371
9372,t8372
9373,t8373
9374,t8374
9375,t8375
9376,t8376
9377,t8377
9378,t8378
9379,t8379
9380,t8380
9381,t8381
9382,t8382
9383,t8383
9384,t8384
9385,t8385
9386,t8386
9387,t8387
9388,t8388
9389,t8389
9390,t8390
9391,t8391
9392,t8392
9393,t8393
9394,t8394
9395,t8395
9396,t8396
9397,t8397
9398,t8398
9399,t8399
9400,t8400
9401,t8401
9402,t8402
9403,t8403
9404,t8404
9405,t8405
9406,t8406
9407,t8407
9408,t8408
9409,t8409
9410,t8410
9411,t8411
9412,t8412
9413,t8413
9414,t8414
9415,t8415
9416,t8416
9417,t8417
9418,t8418
9419,t8419
9420,t8420
9421,t8421
9422,t8422
9423,t8423
9424,t8424
9425,t8425
9426,t8426
9427,t8427
9428,t8428
9429,t8429
9430,t8430
9431,t8431
9432,t8432
9433,t8433
9434,t8434
9435,t8435
9436,t8436
9437,t8437
9438,t8438
9439,t8439
9440,t8440
9441,t8441
9442,t8442
9443,t8443
9444,t8444
9445,t8445
9446,t8446
9447,t8447
9448,t8448
9449,t8449
9450,t8450
9451,t8451
9452,t8452
9453,t8453
9454,t8454
9455,t8455
9456,t8456
9457,t8457
9458,t8458
9459,t8459
9460,t8460
9461,t8461
9462,t8462
9463,t8463
9464,t8464
9465,t8465
9466,t8466
9467,t8467
9468,t8468
9469,t8469
9470,t8470
9471,t8471
9472,t8472
9473,t8473
9474,t8474
9475,t8475
9476,t8476
9477,t8477
9478,t8478
9479,t8479
9480,t8480
9481,t8481
9482,t8482
9483,t8483
9484,t8484
9485,t8485
9486,t8486
9487,t8487
9488,t8488
9489,t8489
9490,t8490
9491,t8491
9492,t8492
9493,t8493
9494,t8494
9495,t8495
9496,t8496
9497,t8497
9498,t8498
9499,t8499
9500,t8500
9501,t8501
9502,t8502
9503,t8503
9504,t8504
9505,t8505
9506,t8506
9507,t8507
9508,t8508
9509,t8509
9510,t8510
9511,t8511
9512,t8512
9513,t8513
9514,t8514
9515,t8515
9516,t8516
9517,t8517
9518,t8518
9519,t8519
9520,t8520
9521,t8521
9522,t8522
9523,t8523
9524,t8524
9525,t8525
9526,t8526
9527,t8527
9528,t8528
9529,t8529
9530,t8530
9531,t8531
9532,t8532
9533,t8533
9534,t8534
9535,t8535
9536,t8536
9537,t8537
9538,t8538
9539,t8539
9540,t8540
9541,t8541
9542,t8542
9543,t8543
9544,t8544
9545,t8545
9546,t8546
9547,t8547
9548,t8548
9549,t8549
9550,t8550
9551,t8551
9552,t8552
9553,t8553
9554,t8554
9555,t8555
9556,t8556
9557,t8557
9558,t8558
9559,t8559
9560,t8560
9561,t8561
9562,t8562
9563,t8563
9564,t8564
9565,t8565
9566,t8566
9567,t8567
9568,t8568
9569,t8569
9570,t8570
9571,t8571
9572,t8572
9573,t8573
9574,t8574
9575,t8575
9576,t8576
9577,t8577
9578,t8578
9579,t8579
9580,t8580
9581,t8581
9582,t8582
9583,t8583
9584,t8584
9585,t8585
9586,t8586
9587,t8587
9588,t8588
9589,t8589
9590,t8590
9591,t8591
9592,t8592
9593,t8593
9594,t8594
9595,t8595
9596,t8596
9597,t8597
9598,t8598
9599,t8599
9600,t8600
9601,t8601
9602,t8602
9603,t8603
9604,t8604
9605,t8605
9606,t8606
9607,t8607
9608,t8608
9609,t8609
9610,t8610
9611,t8611
9612,t8612
9613,t8613
9614,t8614
9615,t8615
9616,t8616
9617,t8617
9618,t8618
9619,t8619
9620,t8620
9621,t8621
9622,t8622
9623,t8623
9624,t8624
9625,t8625
9626,t8626
9627,t8627
9628,t8628
9629,t8629
9630,t8630
9631,t8631
9632,t8632
9633,t8633
9634,t8634
9635,t8635
9636,t8636
9637,t8637
9638,t8638
9639,t8639
9640,t8640
9641,t8641
9642,t8642
9643,t8643
9644,t8644
9645,t8645
9646,t8646
9647,t8647
9648,t8648
9649,t8649
9650,t8650
9651,t8651
9652,t8652
9653,t8653
9654,t8654
9655,t8655
9656,t8656
9657,t8657
9658,t8658
9659,t8659
9660,t8660
9661,t8661
9662,t8662
9663,t8663
9664,t8664
9665,t8665
9666,t8666
9667,t8667
9668,t8668
9669,t8669
9670,t8670
9671,t8671
9672,t8672
9673,t8673
9674,t8674
9675,t8675
9676,t8676
9677,t8677
9678,t8678
9679,t8679
9680,t8680
9681,t8681
9682,t8682
9683,t8683
9684,t8684
9685,t8685
9686,t8686
9687,t8687
9688,t8688
9689,t8689
9690,t8690
9691,t8691
9692,t8692
9693,t8693
9694,t8694
9695,t8695
9696,t8696
9697,t8697
9698,t8698
9699,t8699
9700,t8700
9701,t8701
9702,t8702
9703,t8703
9704,t8704
9705,t8705
9706,t8706
9707,t8707
9708,t8708
9709,t8709
9710,t8710
9711,t8711
9712,t8712
9713,t8713
9714,t8714
9715,t8715
9716,t8716
9717,t8717
9718,t8718
9719,t8719
9720,t8720
9721,t8721
9722,t8722
9723,t8723
9724,t8724
9725,t8725
9726,t8726
9727,t8727
9728,t8728
9729,t8729
9730,t8730
9731,t8731
9732,t8732
9733,t8733
9734,t8734
9735,t8735
9736,t8736
9737,t8737
9738,t8738
9739,t8739
9740,t8740
9741,t8741
9742,t8742
9743,t8743
9744,t8744
9745,t8745
9746,t8746
9747,t8747
9748,t8748
9749,t8749
9750,t8750
9751,t8751
9752,t8752
9753,t8753
9754,t8754
9755,t8755
9756,t8756
9757,t8757
9758,t8758
9759,t8759
9760,t8760
9761,t8761
9762,t8762
9763,t8763
9764,t8764
9765,t8765
9766,t8766
9767,t8767
9768,t8768
9769,t8769
9770,t8770
9771,t8771
9772,t8772
9773,t8773
9774,t8774
9775,t8775
9776,t8776
9777,t8777
9778,t8778
9779,t8779
9780,t8780
9781,t8781
9782,t8782
9783,t8783
9784,t8784
9785,t8785
9786,t8786
9787,t8787
9788,t8788
9789,t8789
9790,t8790
9791,t8791
9792,t8792
9793,t8793
9794,t8794
9795,t8795
9796,t8796
9797,t8797
9798,t8798
9799,t8799
9800,t8800
9801,t8801
9802,t8802
9803,t8803
9804,t8804
9805,t8805
9806,t8806
9807,t8807
9808,t8808
9809,t8809
9810,t8810
9811,t8811
9812,t8812
9813,t8813
9814,t8814
9815,t8815
9816,t8816
9817,t8817
9818,t8818
9819,t8819
9820,t8820
9821,t8821
9822,t8822
9823,t8823
9824,t8824
9825,t8825
9826,t8826
9827,t8827
9828,t8828
9829,t8829
9830,t8830
9831,t8831
9832,t8832
9833,t8833
9834,t8834
9835,t8835
9836,t8836
9837,t8837
9838,t8838
9839,t8839
9840,t8840
9841,t8841
9842,t8842
9843,t8843
9844,t8844
9845,t8845
9846,t8846
9847,t8847
9848,t8848
9849,t8849
9850,t8850
9851,t8851
9852,t8852
9853,t8853
9854,t8854
9855,t8855
9856,t8856
9857,t8857
9858,t8858
9859,t8859
9860,t8860
9861,t8861
9862,t8862
9863,t8863
9864,t8864
9865,t8865
9866,t8866
9867,t8867
9868,t8868
9869,t8869
9870,t8870
9871,t8871
9872,t8872
9873,t8873
9874,t8874
9875,t8875
9876,t8876
9877,t8877
9878,t8878
9879,t8879
9880,t8880
9881,t8881
9882,t8882
9883,t8883
9884,t8884
9885,t8885
9886,t8886
9887,t8887
9888,t8888
9889,t8889
9890,t8890
9891,t8891
9892,t8892
9893,t8893
9894,t8894
9895,t8895
9896,t8896
9897,t8897
9898,t8898
9899,t8899
9900,t8900
9901,t8901
9902,t8902
9903,t8903
9904,t8904
9905,t8905
9906,t8906
9907,t8907
9908,t8908
9909,t8909
9910,t8910
9911,t8911
9912,t8912
9913,t8913
9914,t8914
9915,t8915
9916,t8916
9917,t8917
9918,t8918
9919,t8919
9920,t8920
9921,t8921
9922,t8922
9923,t8923
9924,t8924
9925,t8925
9926,t8926
9927,t8927
9928,t8928
9929,t8929
9930,t8930
9931,t8931
9932,t8932
9933,t8933
9934,t8934
9935,t8935
9936,t8936
9937,t8937
9938,t8938
9939,t8939
9940,t8940
9941,t8941
9942,t8942
9943,t8943
9944,t8944
9945,t8945
9946,t8946
9947,t8947
9948,t8948
9949,t8949
9950,t8950
9951,t8951
9952,t8952
9953,t8953
9954,t8954
9955,t8955
9956,t8956
9957,t8957
9958,t8958
9959,t8959
9960,t8960
9961,t8961
9962,t8962
9963,t8963
9964,t8964
9965,t8965
9966,t8966
9967,t8967
9968,t8968
9969,t8969
9970,t8970
9971,t8971
9972,t8972
9973,t8973
9974,t8974
9975,t8975
9976,t8976
9977,t8977
9978,t8978
9979,t8979
9980,t8980
9981,t8981
9982,t8982
9983,t8983
9984,t8984
9985,t8985
9986,t8986
9987,t8987
9988,t8988
9989,t8989
9990,t8990
9991,t8991
9992,t8992
9993,t8993
9994,t8994
9995,t8995
9996,t8996
9997,t8997
9998,t8998
9999,t8999
10000,t9000
